arm,pattern,read_percent,interval,admission_wait_max,admission_wait_sum,cpu_seconds,drain_cpu_seconds,drain_simulated_cycles,drain_wall_seconds,input_loading_wall_seconds,measured_reads,measured_reads_completed,measured_simulated_cycles,measured_writes,measured_writes_completed,peak_rss_kib,repeat,requests_per_second,simulated_cycles,total_process_cpu_seconds,total_process_wall_seconds,wall_seconds,warmup_cpu_seconds,warmup_reads_outstanding,warmup_wall_seconds,warmup_writes_outstanding
oracle,streaming,100,4,20399519,51997602187500,61.510298,0.000418,554,0.000420328,0.080720215,5000000,5000000,40000554,0,0,210840,1,81278.8889608881,40800069,62.83,62.84,61.516588919,1.229182,70,1.229232706,0
oracle,streaming,100,4,20399519,51997602187500,61.625798,0.000419,554,0.000420872,0.081042203,5000000,5000000,40000554,0,0,210784,2,81125.6946180792,40800069,62.95,62.96,61.632754253,1.230445,70,1.230473084,0
oracle,streaming,100,4,20399519,51997602187500,61.629864,0.000421,554,0.000422479,0.079946841,5000000,5000000,40000554,0,0,210840,3,81119.20220651834,40800069,62.95,62.97,61.637687058,1.231145,70,1.231164689,0
oracle,streaming,100,4,20399519,51997602187500,61.50642,0.000423,554,0.000424804,0.080412746,5000000,5000000,40000554,0,0,210784,4,81282.0580376032,40800069,62.83,62.84,61.514190471,1.228686,70,1.228722892,0
oracle,streaming,100,4,20399519,51997602187500,61.48155,0.000424,554,0.000425918,0.081437345,5000000,5000000,40000554,0,0,210840,5,81313.19742193534,40800069,62.8,62.82,61.490633237,1.227505,70,1.227522595,0
astra_single_core,streaming,100,4,20399561,51997815000000,0.938736,8e-06,512,8.307e-06,0.092419828,5000000,5000000,40000512,0,0,210840,1,5326024.612972198,40800069,1.06,1.07,0.938786499,0.019227,64,0.019229454,0
astra_single_core,streaming,100,4,20399561,51997815000000,0.936366,7e-06,512,8.292e-06,0.084057512,5000000,5000000,40000512,0,0,210804,2,5339701.241750514,40800069,1.05,1.06,0.936381976,0.018825,64,0.018827036,0
astra_single_core,streaming,100,4,20399561,51997815000000,0.939123,8e-06,512,8.726e-06,0.087677482,5000000,5000000,40000512,0,0,210832,3,5324046.010682475,40800069,1.06,1.06,0.939135385,0.019247,64,0.019249727,0
astra_single_core,streaming,100,4,20399561,51997815000000,0.936143,8e-06,512,8.839e-06,0.098008039,5000000,5000000,40000512,0,0,210788,4,5340951.153327128,40800069,1.06,1.07,0.93616284,0.018962,64,0.018965774,0
astra_single_core,streaming,100,4,20399561,51997815000000,0.932737,7e-06,512,8.554e-06,0.094010979,5000000,5000000,40000512,0,0,210836,5,5360444.05789925,40800069,1.06,1.06,0.932758545,0.018742,64,0.018751082,0
deepseek_single_core,streaming,100,4,20399561,51997815000000,1.512255,7e-06,512,9.18e-06,0.092482613,5000000,5000000,40000512,0,0,210828,1,3306200.3586868993,40800069,1.6500000000000001,1.65,1.512310041,0.030339,64,0.030342353,0
deepseek_single_core,streaming,100,4,20399561,51997815000000,1.507934,8e-06,512,9.405e-06,0.085862031,5000000,5000000,40000512,0,0,210832,2,3315707.5866312045,40800069,1.6400000000000001,1.64,1.507973749,0.030579,64,0.030582121,0
deepseek_single_core,streaming,100,4,20399561,51997815000000,1.506167,8e-06,512,9.326e-06,0.081753766,5000000,5000000,40000512,0,0,210832,3,3319591.29207946,40800069,1.6300000000000001,1.64,1.506209518,0.030559,64,0.030561217,0
deepseek_single_core,streaming,100,4,20399561,51997815000000,1.507566,8e-06,512,8.403e-06,0.087307251,5000000,5000000,40000512,0,0,210780,4,3316543.8276872407,40800069,1.6400000000000001,1.64,1.507593525,0.030311,64,0.030315634,0
deepseek_single_core,streaming,100,4,20399561,51997815000000,1.519492,8e-06,512,8.68e-06,0.086042818,5000000,5000000,40000512,0,0,210804,5,3290472.654390122,40800069,1.6500000000000001,1.65,1.519538536,0.030667,64,0.030669144,0
astra_multicore,streaming,100,4,20399543,51997671562480,0.954664,7e-06,514,7.865e-06,0.084401169,5000000,5000000,40000530,0,0,210832,1,5237416.165190091,40800053,1.07,1.07,0.954669219,0.019335,64,0.019337743,0
astra_multicore,streaming,100,4,20399543,51997671562480,0.949908,7e-06,514,7.88e-06,0.089342574,5000000,5000000,40000530,0,0,210832,2,5263253.503121793,40800053,1.07,1.07,0.949982743,0.019304,64,0.019307948,0
astra_multicore,streaming,100,4,20399543,51997671562480,0.956062,7e-06,514,7.919e-06,0.089058198,5000000,5000000,40000530,0,0,210832,3,5229756.929087735,40800053,1.08,1.08,0.956067379,0.019313,64,0.019314982,0
astra_multicore,streaming,100,4,20399543,51997671562480,0.953381,7e-06,514,9.52e-06,0.087381326,5000000,5000000,40000530,0,0,210780,4,5244321.940906433,40800053,1.07,1.08,0.953412101,0.019288,64,0.019296556,0
astra_multicore,streaming,100,4,20399543,51997671562480,0.952092,7e-06,514,7.912e-06,0.084506896,5000000,5000000,40000530,0,0,210840,5,5251300.712002648,40800053,1.06,1.07,0.952145054,0.019241,64,0.019244346,0
deepseek_multicore,streaming,100,4,20399561,51997815000000,1.589456,8e-06,512,8.846e-06,0.084142596,5000000,5000000,40000512,0,0,210840,1,3145647.3944697315,40800069,1.71,1.72,1.589497923,0.031913,64,0.031921411,0
deepseek_multicore,streaming,100,4,20399561,51997815000000,1.632856,8e-06,512,9.481e-06,0.086800561,5000000,5000000,40000512,0,0,210832,2,3061980.802803575,40800069,1.76,1.77,1.632929898,0.032916,64,0.032918163,0
deepseek_multicore,streaming,100,4,20399561,51997815000000,1.579003,7e-06,512,8.709e-06,0.085110605,5000000,5000000,40000512,0,0,210828,3,3166310.3504697545,40800069,1.7,1.71,1.579125053,0.031893,64,0.031896085,0
deepseek_multicore,streaming,100,4,20399561,51997815000000,1.569857,7e-06,512,8.542e-06,0.083941822,5000000,5000000,40000512,0,0,210812,4,3184924.834519045,40800069,1.6900000000000002,1.7,1.569895762,0.031682,64,0.031696053,0
deepseek_multicore,streaming,100,4,20399561,51997815000000,1.577732,8e-06,512,8.184e-06,0.08442562,5000000,5000000,40000512,0,0,210832,5,3169012.543518901,40800069,1.7,1.71,1.577778545,0.031711,64,0.03171355,0
fixedlat,streaming,100,4,0,0,2.099849,0.746212,20400039,0.746226865,0.086258675,5000000,5000000,40400039,0,0,953000,1,2381011.232747165,40800035,2.29,2.29,2.099948094,0.021353,50005,0.021355417,0
fixedlat,streaming,100,4,0,0,2.107544,0.751683,20400039,0.751698204,0.085229154,5000000,5000000,40400039,0,0,952988,2,2372355.305363338,40800035,2.29,2.3,2.107610099,0.021436,50005,0.021439266,0
fixedlat,streaming,100,4,0,0,2.106391,0.747479,20400039,0.747483806,0.089034936,5000000,5000000,40400039,0,0,953052,3,2373634.1875675176,40800035,2.3000000000000003,2.3,2.106474547,0.021346,50005,0.021348397,0
fixedlat,streaming,100,4,0,0,2.10757,0.748786,20400039,0.748814908,0.088837901,5000000,5000000,40400039,0,0,953012,4,2372318.9767297776,40800035,2.3000000000000003,2.3,2.107642374,0.021376,50005,0.02137753,0
fixedlat,streaming,100,4,0,0,2.1157,0.752728,20400039,0.752746464,0.08792804,5000000,5000000,40400039,0,0,953040,5,2363188.3045946923,40800035,2.3,2.31,2.115785691,0.021422,50005,0.021424381,0
md1,streaming,100,4,0,0,0.80887,1.4e-05,441,1.4514e-05,0.088945986,5000000,5000000,20000441,0,0,210804,1,6181379.761501995,20400437,0.9199999999999999,0.93,0.808880896,0.016417,111,0.016420334,0
md1,streaming,100,4,0,0,0.814274,1.4e-05,441,1.5533e-05,0.104759132,5000000,5000000,20000441,0,0,210832,2,6140129.1732867705,20400437,0.95,0.95,0.814315116,0.016318,111,0.016321003,0
md1,streaming,100,4,0,0,0.820373,1.3e-05,441,1.3339e-05,0.081653143,5000000,5000000,20000441,0,0,210840,3,6094653.981743067,20400437,0.9199999999999999,0.93,0.820391119,0.017139,111,0.017141673,0
md1,streaming,100,4,0,0,0.828632,1.3e-05,441,1.4226e-05,0.082178708,5000000,5000000,20000441,0,0,210832,4,6033919.679478186,20400437,0.94,0.94,0.82864875,0.016766,111,0.016768246,0
md1,streaming,100,4,0,0,0.817942,1.3e-05,441,1.3907e-05,0.089392462,5000000,5000000,20000441,0,0,210840,5,6112540.8303363,20400437,0.94,0.94,0.817990446,0.017058,111,0.017065891,0
wmg1,streaming,100,4,0,0,1.317264,2.5e-05,842,2.6487e-05,0.085271349,5000000,5000000,20000842,0,0,210840,1,3795520.5077191875,20400838,1.4400000000000002,1.45,1.317342375,0.026446,211,0.026447939,0
wmg1,streaming,100,4,0,0,1.30618,2.5e-05,842,2.5698e-05,0.079760671,5000000,5000000,20000842,0,0,210840,2,3827776.4616946625,20400838,1.4200000000000002,1.43,1.306241378,0.02636,211,0.026362983,0
wmg1,streaming,100,4,0,0,1.299787,2.5e-05,842,2.5671e-05,0.079844454,5000000,5000000,20000842,0,0,210832,3,3846693.9071834385,20400838,1.4200000000000002,1.42,1.299817485,0.026401,211,0.026410738,0
wmg1,streaming,100,4,0,0,1.304053,2.5e-05,842,2.5237e-05,0.083902556,5000000,5000000,20000842,0,0,210804,4,3834088.776880944,20400838,1.4200000000000002,1.43,1.304090826,0.02646,211,0.026461631,0
wmg1,streaming,100,4,0,0,1.304302,2.4e-05,842,2.5729e-05,0.094847299,5000000,5000000,20000842,0,0,210832,5,3833403.3538956554,20400838,1.4400000000000002,1.44,1.304324001,0.02595,211,0.025952326,0
mess,streaming,100,4,0,0,1.211381,0.00256,52409,0.002559878,0.108106218,5000000,5000000,20052409,0,0,210840,1,4127423.2434119643,20452405,1.35,1.35,1.211409566,0.017439,299,0.017443691,0
mess,streaming,100,4,0,0,1.216077,0.002534,52409,0.002533839,0.082471194,5000000,5000000,20052409,0,0,210840,2,4111547.1017586067,20452405,1.33,1.33,1.216087248,0.017581,299,0.017583828,0
mess,streaming,100,4,0,0,1.199097,0.002465,52409,0.00246568,0.083359199,5000000,5000000,20052409,0,0,210816,3,4169684.274125325,20452405,1.31,1.32,1.199131558,0.017632,299,0.017633913,0
mess,streaming,100,4,0,0,1.194583,0.002474,52409,0.002474008,0.084768751,5000000,5000000,20052409,0,0,210840,4,4185390.110472794,20452405,1.31,1.31,1.194631771,0.017551,299,0.017554416,0
mess,streaming,100,4,0,0,1.201187,0.002467,52409,0.002467171,0.084465297,5000000,5000000,20052409,0,0,210808,5,4162419.3305131285,20452405,1.31,1.32,1.201224481,0.017749,299,0.017751472,0
oracle,streaming,50,256,0,0,28.828506,1e-06,1,3.366e-06,0.084863966,2498354,2498354,1280000001,2501646,2501646,210804,1,173431.082108448,1305599745,29.5,29.51,28.829895652,0.57709,0,0.577103704,1
oracle,streaming,50,256,0,0,29.749739,1e-06,1,2.678e-06,0.081601848,2498354,2498354,1280000001,2501646,2501646,210808,2,168059.96823667677,1305599745,30.43,30.45,29.751284928,0.59519,0,0.595201445,1
oracle,streaming,50,256,0,0,28.889133,2e-06,1,3.362e-06,0.084188656,2498354,2498354,1280000001,2501646,2501646,210840,3,173065.82303175394,1305599745,29.56,29.57,28.890741756,0.578286,0,0.578294073,1
oracle,streaming,50,256,0,0,29.812837,1e-06,1,2.85e-06,0.08166191,2498354,2498354,1280000001,2501646,2501646,210832,4,167703.6942117243,1305599745,30.5,30.51,29.81448932,0.596837,0,0.596848456,1
oracle,streaming,50,256,0,0,28.517459,1e-06,1,2.528e-06,0.08068892,2498354,2498354,1280000001,2501646,2501646,210840,5,175320.13345215397,1305599745,29.18,29.19,28.519257324,0.570558,0,0.570568851,1
astra_single_core,streaming,50,256,0,0,0.868867,1e-06,43,1.895e-06,0.088571423,2498354,2498354,1280000043,2501646,2501646,210832,1,5754444.893497027,1305599787,0.99,0.99,0.868893541,0.017684,0,0.017686933,1
astra_single_core,streaming,50,256,0,0,0.867446,1e-06,43,2.168e-06,0.090357551,2498354,2498354,1280000043,2501646,2501646,210752,2,5763688.960127572,1305599787,0.98,0.99,0.86749997,0.017657,0,0.017659766,1
astra_single_core,streaming,50,256,0,0,0.873232,1e-06,43,1.464e-06,0.087471597,2498354,2498354,1280000043,2501646,2501646,210832,3,5725761.665351614,1305599787,0.99,0.99,0.873246267,0.017632,0,0.017634701,1
astra_single_core,streaming,50,256,0,0,0.866797,1e-06,43,1.872e-06,0.091581823,2498354,2498354,1280000043,2501646,2501646,210840,4,5768193.011407551,1305599787,0.99,0.99,0.866822589,0.017522,0,0.017525448,1
astra_single_core,streaming,50,256,0,0,0.866461,0.0,43,1.987e-06,0.091058812,2498354,2498354,1280000043,2501646,2501646,210788,5,5770508.590653083,1305599787,0.98,0.99,0.866474752,0.017541,0,0.017543919,1
deepseek_single_core,streaming,50,256,0,0,1.151851,1e-06,8,1.971e-06,0.084665579,2498354,2498354,1280000008,2501646,2501646,210784,1,4340759.206407574,1305599752,1.27,1.27,1.151872233,0.023364,0,0.02336607,1
deepseek_single_core,streaming,50,256,0,0,1.136969,1e-06,8,2.666e-06,0.087726094,2498354,2498354,1280000008,2501646,2501646,210788,2,4397557.38273244,1305599752,1.26,1.26,1.136994828,0.023143,0,0.02314618,1
deepseek_single_core,streaming,50,256,0,0,1.141582,1e-06,8,2.541e-06,0.087330475,2498354,2498354,1280000008,2501646,2501646,210780,3,4379679.741454821,1305599752,1.26,1.27,1.141635986,0.022976,0,0.0229787,1
deepseek_single_core,streaming,50,256,0,0,1.140183,1e-06,8,2.025e-06,0.083693353,2498354,2498354,1280000008,2501646,2501646,210840,4,4385094.867146742,1305599752,1.26,1.26,1.140226187,0.023291,0,0.023301684,1
deepseek_single_core,streaming,50,256,0,0,1.147706,1e-06,8,2.151e-06,0.084258135,2498354,2498354,1280000008,2501646,2501646,210832,5,4356302.781677848,1305599752,1.26,1.27,1.147762277,0.022992,0,0.022994704,1
astra_multicore,streaming,50,256,0,0,0.869805,1e-06,43,2.423e-06,0.082551579,2498354,2498354,1280000043,2501646,2501646,210796,1,5748253.999750385,1305599787,0.98,0.98,0.869829343,0.018016,0,0.018017956,1
astra_multicore,streaming,50,256,0,0,0.866934,1e-06,43,2.303e-06,0.099999686,2498354,2498354,1280000043,2501646,2501646,210796,2,5767223.320791756,1305599787,1.0,1.0,0.866968335,0.017466,0,0.017467994,1
astra_multicore,streaming,50,256,0,0,0.864392,1e-06,43,1.729e-06,0.084384179,2498354,2498354,1280000043,2501646,2501646,210828,3,5784336.956748435,1305599787,0.97,0.98,0.864403308,0.017761,0,0.017762866,1
astra_multicore,streaming,50,256,0,0,0.86658,0.0,43,1.729e-06,0.085133858,2498354,2498354,1280000043,2501646,2501646,210832,4,5769537.741924434,1305599787,0.98,0.98,0.866620555,0.017738,0,0.017741409,1
astra_multicore,streaming,50,256,0,0,0.866972,1e-06,43,2.186e-06,0.083700782,2498354,2498354,1280000043,2501646,2501646,210840,5,5767051.626666923,1305599787,0.98,0.98,0.866994146,0.017661,0,0.017663507,1
deepseek_multicore,streaming,50,256,0,0,1.219711,1e-06,8,2.226e-06,0.081742367,2498354,2498354,1280000008,2501646,2501646,210840,1,4099065.4161184332,1305599752,1.34,1.34,1.219790243,0.024566,0,0.024568006,1
deepseek_multicore,streaming,50,256,0,0,1.222511,1e-06,8,2.727e-06,0.083665804,2498354,2498354,1280000008,2501646,2501646,210832,2,4089757.0271751164,1305599752,1.35,1.35,1.222566516,0.024677,0,0.024679465,1
deepseek_multicore,streaming,50,256,0,0,1.222285,0.0,8,1.674e-06,0.084308718,2498354,2498354,1280000008,2501646,2501646,210804,3,4090594.6015336583,1305599752,1.34,1.35,1.222316188,0.024711,0,0.024712816,1
deepseek_multicore,streaming,50,256,0,0,1.22106,1e-06,8,1.875e-06,0.086030325,2498354,2498354,1280000008,2501646,2501646,210840,4,4094713.6486816667,1305599752,1.34,1.35,1.221086608,0.02471,0,0.024712402,1
deepseek_multicore,streaming,50,256,0,0,1.221469,1e-06,8,1.808e-06,0.092107672,2498354,2498354,1280000008,2501646,2501646,210832,5,4093373.018279107,1305599752,1.35,1.35,1.221486529,0.024501,0,0.024503329,1
fixedlat,streaming,50,256,0,0,0.412685,1e-06,0,1.403e-06,0.086724829,2498354,2498354,1280000000,2501646,2501646,210840,1,12115780.844289448,1305599744,0.51,0.52,0.412684916,0.008773,0,0.008775853,0
fixedlat,streaming,50,256,0,0,0.413077,1e-06,0,1.478e-06,0.083790079,2498354,2498354,1280000000,2501646,2501646,210804,2,12103552.348799514,1305599744,0.51,0.52,0.413101861,0.008647,0,0.008649528,0
fixedlat,streaming,50,256,0,0,0.413256,1e-06,0,1.117e-06,0.089517633,2498354,2498354,1280000000,2501646,2501646,210792,3,12098779.400363635,1305599744,0.52,0.53,0.413264829,0.008635,0,0.008643781,0
fixedlat,streaming,50,256,0,0,0.411158,0.0,0,1.582e-06,0.087381925,2498354,2498354,1280000000,2501646,2501646,210812,4,12159230.335116316,1305599744,0.52,0.52,0.411210238,0.008505,0,0.008507558,0
fixedlat,streaming,50,256,0,0,0.412648,0.0,0,1.616e-06,0.085177739,2498354,2498354,1280000000,2501646,2501646,210804,5,12116362.90310779,1305599744,0.51,0.52,0.412665091,0.008682,0,0.008685771,0
md1,streaming,50,256,0,0,0.416069,1e-06,0,2.77e-06,0.099915131,2498354,2498354,1280000000,2501646,2501646,210840,1,12016660.041681707,1305599744,0.53,0.54,0.416088995,0.008597,0,0.008600419,0
md1,streaming,50,256,0,0,0.412138,1e-06,0,1.235e-06,0.081071371,2498354,2498354,1280000000,2501646,2501646,210840,2,12131503.194495324,1305599744,0.51,0.52,0.412150079,0.008519,0,0.008522053,0
md1,streaming,50,256,0,0,0.413059,1e-06,0,1.529e-06,0.080407028,2498354,2498354,1280000000,2501646,2501646,210832,3,12104624.677168146,1305599744,0.51,0.52,0.413065265,0.00839,0,0.008391879,0
md1,streaming,50,256,0,0,0.413008,1e-06,0,2.213e-06,0.105657372,2498354,2498354,1280000000,2501646,2501646,210840,4,12106128.501411358,1305599744,0.54,0.54,0.413013954,0.008325,0,0.008327842,0
md1,streaming,50,256,0,0,0.412703,0.0,0,1.246e-06,0.080590975,2498354,2498354,1280000000,2501646,2501646,210840,5,12114911.515509065,1305599744,0.52,0.52,0.412714529,0.008647,0,0.008649184,0
wmg1,streaming,50,256,0,0,0.657134,1e-06,0,2.904e-06,0.091400741,2498354,2498354,1280000000,2501646,2501646,210840,1,7608580.924697804,1305599744,0.77,0.78,0.657152766,0.013537,0,0.013540009,0
wmg1,streaming,50,256,0,0,0.660054,1e-06,0,2.028e-06,0.077574274,2498354,2498354,1280000000,2501646,2501646,210840,2,7574877.294676327,1305599744,0.76,0.77,0.660076699,0.01354,0,0.013543682,0
wmg1,streaming,50,256,0,0,0.659624,0.0,0,1.153e-06,0.082368756,2498354,2498354,1280000000,2501646,2501646,210840,3,7579946.5643177405,1305599744,0.77,0.77,0.659635257,0.013164,0,0.01316644,0
wmg1,streaming,50,256,0,0,0.653962,1e-06,0,1.47e-06,0.086443002,2498354,2498354,1280000000,2501646,2501646,210812,4,7645527.31017601,1305599744,0.76,0.77,0.653977129,0.013418,0,0.013420715,0
wmg1,streaming,50,256,0,0,0.661712,1e-06,0,1.613e-06,0.080739022,2498354,2498354,1280000000,2501646,2501646,210804,5,7555940.850106303,1305599744,0.77,0.77,0.661730961,0.013443,0,0.013445785,0
mess,streaming,50,256,0,0,0.439111,1e-06,0,2.307e-06,0.091887338,2498354,2498354,1280000000,2501646,2501646,210796,1,11386000.435163828,1305599744,0.5499999999999999,0.56,0.439135764,0.009104,0,0.009107538,0
mess,streaming,50,256,0,0,0.439934,1e-06,0,1.316e-06,0.08308852,2498354,2498354,1280000000,2501646,2501646,210808,2,11364853.100306809,1305599744,0.54,0.55,0.439952893,0.009021,0,0.009022329,0
mess,streaming,50,256,0,0,0.439865,0.0,0,1.372e-06,0.08060552,2498354,2498354,1280000000,2501646,2501646,210832,3,11366963.8097856,1305599744,0.53,0.54,0.439871199,0.009183,0,0.009190561,0
mess,streaming,50,256,0,0,0.440241,1e-06,0,2.621e-06,0.090894797,2498354,2498354,1280000000,2501646,2501646,210840,4,11356672.606857557,1305599744,0.5499999999999999,0.56,0.440269802,0.008884,0,0.00888607,0
mess,streaming,50,256,0,0,0.440587,1e-06,0,1.171e-06,0.082516478,2498354,2498354,1280000000,2501646,2501646,210840,5,11348216.999579588,1305599744,0.54,0.55,0.440597849,0.009046,0,0.009048365,0
oracle,streaming,50,16,0,0,9.025413,2.6e-05,133,2.6918e-05,0.082042888,2498354,2498354,80000133,2501646,2501646,210832,1,553978.2577037625,81600117,9.3,9.3,9.025624978,0.177836,0,0.177841733,5
oracle,streaming,50,16,0,0,9.047774,2.5e-05,133,2.7049e-05,0.083795474,2498354,2498354,80000133,2501646,2501646,210840,2,552610.373867987,81600117,9.32,9.33,9.047966228,0.177926,0,0.177936068,5
oracle,streaming,50,16,0,0,9.130792,3.1e-05,133,3.2824e-05,0.079519164,2498354,2498354,80000133,2501646,2501646,210840,3,547585.6966566527,81600117,9.4,9.41,9.130990876,0.178144,0,0.178146311,5
oracle,streaming,50,16,0,0,9.061085,2.6e-05,133,2.723e-05,0.099375674,2498354,2498354,80000133,2501646,2501646,210760,4,551796.8113825093,81600117,9.35,9.36,9.061306439,0.178603,0,0.178611959,5
oracle,streaming,50,16,0,0,9.048656,2.6e-05,133,2.7742e-05,0.086207632,2498354,2498354,80000133,2501646,2501646,210840,5,552554.5163094004,81600117,9.32,9.33,9.048880884,0.179054,0,0.179056595,5
astra_single_core,streaming,50,16,0,0,0.991561,1e-06,78,2.782e-06,0.088579101,2498354,2498354,80000078,2501646,2501646,210812,1,5042370.296371981,81600062,1.11,1.11,0.991597147,0.020148,0,0.020149227,3
astra_single_core,streaming,50,16,0,0,0.99522,2e-06,78,2.575e-06,0.089348769,2498354,2498354,80000078,2501646,2501646,210840,2,5023892.25501839,81600062,1.11,1.12,0.995244274,0.020073,0,0.020075833,3
astra_single_core,streaming,50,16,0,0,0.991819,2e-06,78,2.274e-06,0.090587345,2498354,2498354,80000078,2501646,2501646,210788,3,5041066.925683407,81600062,1.12,1.12,0.991853525,0.020046,0,0.020048719,3
astra_single_core,streaming,50,16,0,0,0.993012,2e-06,78,2.594e-06,0.086867821,2498354,2498354,80000078,2501646,2501646,210808,4,5035155.26270833,81600062,1.11,1.12,0.993018038,0.020192,0,0.020194261,3
astra_single_core,streaming,50,16,0,0,0.992186,2e-06,78,2.928e-06,0.092409491,2498354,2498354,80000078,2501646,2501646,210840,5,5039323.702359961,81600062,1.11,1.12,0.992196631,0.020107,0,0.020110428,3
deepseek_single_core,streaming,50,16,0,0,1.270882,1e-06,37,2.244e-06,0.084818536,2498354,2498354,80000037,2501646,2501646,210804,1,3934146.2256152825,81600021,1.3900000000000001,1.4,1.270923782,0.025631,0,0.025633569,3
deepseek_single_core,streaming,50,16,0,0,1.265988,2e-06,37,3.819e-06,0.106781212,2498354,2498354,80000037,2501646,2501646,210832,2,3949361.4330420354,81600021,1.4100000000000001,1.42,1.266027454,0.025546,0,0.02554893,3
deepseek_single_core,streaming,50,16,0,0,1.269057,2e-06,37,2.273e-06,0.08245148,2498354,2498354,80000037,2501646,2501646,210796,3,3939861.2207839335,81600021,1.3900000000000001,1.39,1.269080234,0.025671,0,0.025673259,3
deepseek_single_core,streaming,50,16,0,0,1.270074,1e-06,37,2.935e-06,0.086384973,2498354,2498354,80000037,2501646,2501646,210804,4,3936711.8797789854,81600021,1.3900000000000001,1.4,1.270095489,0.025846,0,0.025857194,3
deepseek_single_core,streaming,50,16,0,0,1.277442,1e-06,37,2.165e-06,0.085511867,2498354,2498354,80000037,2501646,2501646,210840,5,3914004.309140266,81600021,1.4000000000000001,1.41,1.277464102,0.02562,0,0.025622353,3
astra_multicore,streaming,50,16,0,0,1.003132,1e-06,94,2.604e-06,0.084280681,2498354,2498354,80000094,2501646,2501646,210784,1,4984197.531946199,81600078,1.12,1.12,1.003170514,0.020493,0,0.020495435,3
astra_multicore,streaming,50,16,0,0,1.008455,2e-06,94,3.775e-06,0.082731197,2498354,2498354,80000094,2501646,2501646,210840,2,4957887.883757218,81600078,1.12,1.13,1.008493963,0.020539,0,0.020541208,3
astra_multicore,streaming,50,16,0,0,1.000069,2e-06,94,3.182e-06,0.083974674,2498354,2498354,80000094,2501646,2501646,210836,3,4999459.183502824,81600078,1.12,1.12,1.000108175,0.020106,0,0.020109138,3
astra_multicore,streaming,50,16,0,0,1.013134,2e-06,94,4.398e-06,0.083355175,2498354,2498354,80000094,2501646,2501646,210840,4,4935044.72906907,81600078,1.1300000000000001,1.13,1.013162043,0.0206,0,0.020602758,3
astra_multicore,streaming,50,16,0,0,1.000206,2e-06,94,2.683e-06,0.084549292,2498354,2498354,80000094,2501646,2501646,210804,5,4998774.315534154,81600078,1.11,1.12,1.000245197,0.020075,0,0.020077637,3
deepseek_multicore,streaming,50,16,0,0,1.349018,2e-06,33,3.229e-06,0.082212822,2498354,2498354,80000033,2501646,2501646,210840,1,3706278.8674416784,81600017,1.47,1.47,1.349062005,0.027279,0,0.02728161,3
deepseek_multicore,streaming,50,16,0,0,1.3527,2e-06,33,2.574e-06,0.084986074,2498354,2498354,80000033,2501646,2501646,210832,2,3696218.335889143,81600017,1.47,1.48,1.352733942,0.027392,0,0.027394369,3
deepseek_multicore,streaming,50,16,0,0,1.350478,1e-06,33,1.85e-06,0.08186357,2498354,2498354,80000033,2501646,2501646,210836,3,3702230.227042912,81600017,1.47,1.47,1.350537296,0.027309,0,0.02731152,3
deepseek_multicore,streaming,50,16,0,0,1.353078,1e-06,33,2.63e-06,0.085706803,2498354,2498354,80000033,2501646,2501646,210812,4,3695221.8393026423,81600017,1.48,1.48,1.353098736,0.027287,0,0.027289473,3
deepseek_multicore,streaming,50,16,0,0,1.358011,2e-06,33,2.709e-06,0.099385907,2498354,2498354,80000033,2501646,2501646,210788,5,3681653.7882785317,81600017,1.49,1.5,1.35808533,0.027281,0,0.027283803,3
fixedlat,streaming,50,16,0,0,0.450776,1e-06,11,1.591e-06,0.085525917,2498354,2498354,80000011,2501646,2501646,210804,1,11091692.343065592,81599995,0.55,0.56,0.450787837,0.009492,0,0.009493924,0
fixedlat,streaming,50,16,0,0,0.449786,0.0,11,1.494e-06,0.086345707,2498354,2498354,80000011,2501646,2501646,210840,2,11116002.077918714,81599995,0.56,0.56,0.449802003,0.009383,0,0.009385411,0
fixedlat,streaming,50,16,0,0,0.451648,1e-06,11,1.416e-06,0.084094961,2498354,2498354,80000011,2501646,2501646,210840,3,11070405.843845837,81599995,0.5599999999999999,0.56,0.451654625,0.009388,0,0.009390038,0
fixedlat,streaming,50,16,0,0,0.450537,1e-06,11,1.938e-06,0.081899679,2498354,2498354,80000011,2501646,2501646,210840,4,11097573.501792843,81599995,0.55,0.56,0.450548942,0.00912,0,0.009122862,0
fixedlat,streaming,50,16,0,0,0.453191,0.0,11,1.516e-06,0.08412057,2498354,2498354,80000011,2501646,2501646,210812,5,11032850.980177678,81599995,0.56,0.56,0.453192018,0.009381,0,0.009383931,0
md1,streaming,50,16,0,0,0.440323,0.0,32,1.562e-06,0.085779238,2498354,2498354,80000032,2501646,2501646,210840,1,11354478.641139053,81600016,0.54,0.55,0.440354873,0.009246,0,0.009248709,0
md1,streaming,50,16,0,0,0.442596,1e-06,32,2.035e-06,0.081885399,2498354,2498354,80000032,2501646,2501646,210828,2,11296702.65584508,81600016,0.55,0.55,0.442607029,0.009369,0,0.009372164,0
md1,streaming,50,16,0,0,0.448019,1e-06,32,1.466e-06,0.080357814,2498354,2498354,80000032,2501646,2501646,210832,3,11159833.705085995,81600016,0.55,0.55,0.44803535,0.009347,0,0.009349718,0
md1,streaming,50,16,0,0,0.446671,1e-06,32,1.854e-06,0.092503468,2498354,2498354,80000032,2501646,2501646,210804,4,11193602.614324098,81600016,0.5599999999999999,0.56,0.446683715,0.009449,0,0.009452332,0
md1,streaming,50,16,0,0,0.442062,1e-06,32,1.545e-06,0.082730704,2498354,2498354,80000032,2501646,2501646,210840,5,11310450.998555722,81600016,0.54,0.55,0.442069021,0.009301,0,0.009304462,0
wmg1,streaming,50,16,0,0,0.762264,1e-06,14,1.993e-06,0.082744719,2498354,2498354,80000014,2501646,2501646,210840,1,6559075.750876039,81599998,0.8700000000000001,0.88,0.762302524,0.015705,0,0.015711414,0
wmg1,streaming,50,16,0,0,0.758556,0.0,14,1.623e-06,0.08062729,2498354,2498354,80000014,2501646,2501646,210840,2,6591222.679413302,81599998,0.8600000000000001,0.87,0.758584597,0.015397,0,0.015399982,0
wmg1,streaming,50,16,0,0,0.763066,1e-06,14,1.651e-06,0.079298231,2498354,2498354,80000014,2501646,2501646,210792,3,6551854.244200763,81599998,0.8700000000000001,0.87,0.76314274,0.015545,0,0.01554752,0
wmg1,streaming,50,16,0,0,0.776594,0.0,14,1.604e-06,0.082708658,2498354,2498354,80000014,2501646,2501646,210796,4,6438089.061650116,81599998,0.8899999999999999,0.89,0.776627964,0.015752,0,0.015753784,0
wmg1,streaming,50,16,0,0,0.759986,1e-06,14,1.786e-06,0.084238299,2498354,2498354,80000014,2501646,2501646,210832,5,6578901.298799062,81599998,0.8700000000000001,0.88,0.760005322,0.015562,0,0.015565273,0
mess,streaming,50,16,0,0,0.544098,1e-06,131,2.506e-06,0.086599953,2498354,2498354,80000131,2501646,2501646,210788,1,9189503.051946994,81600115,0.6499999999999999,0.66,0.544099063,0.010891,5,0.010892536,0
mess,streaming,50,16,0,0,0.546515,1e-06,131,1.643e-06,0.081244438,2498354,2498354,80000131,2501646,2501646,210832,2,9148718.495726865,81600115,0.6499999999999999,0.65,0.546524631,0.010911,5,0.010919959,0
mess,streaming,50,16,0,0,0.54227,2e-06,131,1.921e-06,0.080228995,2498354,2498354,80000131,2501646,2501646,210840,3,9220405.580008736,81600115,0.6499999999999999,0.65,0.542275495,0.011052,5,0.011054485,0
mess,streaming,50,16,0,0,0.549009,1e-06,131,2.407e-06,0.085614436,2498354,2498354,80000131,2501646,2501646,210784,4,9106638.291814527,81600115,0.6599999999999999,0.66,0.549050027,0.010918,5,0.010921075,0
mess,streaming,50,16,0,0,0.545429,2e-06,131,1.964e-06,0.083844236,2498354,2498354,80000131,2501646,2501646,210840,5,9167088.361898404,81600115,0.6499999999999999,0.66,0.545429454,0.010897,5,0.010905956,0
oracle,random,100,4,20538711,52569491616309,69.520334,0.000517,659,0.00051811,0.080527613,5000000,5000000,40131446,0,0,210840,1,71914.26613687108,40939366,71.00999999999999,71.02,69.527233866,1.394522,74,1.394744993,0
oracle,random,100,4,20538711,52569491616309,69.825995,0.000494,659,0.000495488,0.087401616,5000000,5000000,40131446,0,0,210840,2,71598.97695588125,40939366,71.33,71.35,69.833400037,1.407048,74,1.407193033,0
oracle,random,100,4,20538711,52569491616309,67.967558,0.00049,659,0.000491377,0.080084686,5000000,5000000,40131446,0,0,210836,3,73555.34096347119,40939366,69.41,69.43,67.97602913,1.353017,74,1.353051687,0
oracle,random,100,4,20538711,52569491616309,69.644507,0.000497,659,0.000498353,0.084202347,5000000,5000000,40131446,0,0,210804,4,71791.10999387036,40939366,71.11,71.12,69.646506377,1.368677,74,1.368727801,0
oracle,random,100,4,20538711,52569491616309,70.007206,0.000521,659,0.000521895,0.078539455,5000000,5000000,40131446,0,0,210836,5,71412.77845588933,40939366,71.44999999999999,71.46,70.015480536,1.351936,74,1.351999007,0
astra_single_core,random,100,4,20399590,51997963248331,1.04787,7e-06,557,8.289e-06,0.088054772,5000000,5000000,40000554,0,0,210808,1,4771422.126764134,40800143,1.1700000000000002,1.17,1.047905607,0.021328,64,0.021335991,0
astra_single_core,random,100,4,20399590,51997963248331,1.019245,7e-06,557,7.781e-06,0.089291936,5000000,5000000,40000554,0,0,210840,2,4905485.8087042635,40800143,1.1400000000000001,1.14,1.01926704,0.020182,64,0.020184535,0
astra_single_core,random,100,4,20399590,51997963248331,1.00932,7e-06,557,7.756e-06,0.092211377,5000000,5000000,40000554,0,0,210832,3,4953747.017662245,40800143,1.1300000000000001,1.14,1.009336969,0.020161,64,0.020163473,0
astra_single_core,random,100,4,20399590,51997963248331,1.012636,7e-06,557,8.178e-06,0.08773763,5000000,5000000,40000554,0,0,210840,4,4937482.636663404,40800143,1.1300000000000001,1.14,1.012661789,0.020248,64,0.02025113,0
astra_single_core,random,100,4,20399590,51997963248331,1.009066,7e-06,557,7.332e-06,0.082316889,5000000,5000000,40000554,0,0,210804,5,4954770.295129812,40800143,1.12,1.13,1.009128517,0.019992,64,0.019995487,0
deepseek_single_core,random,100,4,22573949,57541048636984,1.471039,8e-06,550,8.113e-06,0.087599139,5000000,5000000,42132248,0,0,210824,1,3398919.352475518,42974495,1.6,1.6,1.471055792,0.029467,64,0.029470227,0
deepseek_single_core,random,100,4,22573949,57541048636984,1.463472,7e-06,550,8.693e-06,0.087240546,5000000,5000000,42132248,0,0,210840,2,3416393.822808217,42974495,1.59,1.6,1.463531507,0.029648,64,0.02965032,0
deepseek_single_core,random,100,4,22573949,57541048636984,1.47097,7e-06,550,7.735e-06,0.086305678,5000000,5000000,42132248,0,0,210796,3,3399064.1595943505,42974495,1.6,1.6,1.470993122,0.029696,64,0.029699456,0
deepseek_single_core,random,100,4,22573949,57541048636984,1.468266,8e-06,550,8.628e-06,0.082926547,5000000,5000000,42132248,0,0,210832,4,3405245.762845546,42974495,1.59,1.6,1.468322802,0.029807,64,0.029809417,0
deepseek_single_core,random,100,4,22573949,57541048636984,1.467159,8e-06,550,8.629e-06,0.083692468,5000000,5000000,42132248,0,0,210796,5,3407893.7965503978,42974495,1.6,1.6,1.467181872,0.029757,64,0.029759963,0
astra_multicore,random,100,4,20399590,51997963248331,1.047768,7e-06,557,7.763e-06,0.083917325,5000000,5000000,40000554,0,0,210792,1,4771828.984596975,40800143,1.1600000000000001,1.17,1.04781626,0.020443,64,0.020446358,0
astra_multicore,random,100,4,20399590,51997963248331,1.05541,7e-06,557,8.33e-06,0.083462602,5000000,5000000,40000554,0,0,210840,2,4737407.950244877,40800143,1.1700000000000002,1.17,1.055429478,0.020483,64,0.020485869,0
astra_multicore,random,100,4,20399590,51997963248331,1.054204,7e-06,557,7.642e-06,0.089618582,5000000,5000000,40000554,0,0,210836,3,4742380.9576210575,40800143,1.1700000000000002,1.18,1.054322722,0.020584,64,0.020586774,0
astra_multicore,random,100,4,20399590,51997963248331,1.053756,7e-06,557,7.431e-06,0.085545817,5000000,5000000,40000554,0,0,210840,4,4744867.245076992,40800143,1.1700000000000002,1.17,1.053770262,0.020753,64,0.020755451,0
astra_multicore,random,100,4,20399590,51997963248331,1.049381,7e-06,557,8.194e-06,0.084986358,5000000,5000000,40000554,0,0,210800,5,4764671.633949292,40800143,1.1700000000000002,1.17,1.049390259,0.020375,64,0.02037741,0
deepseek_multicore,random,100,4,22573949,57541048636984,1.533938,7e-06,550,7.897e-06,0.082748319,5000000,5000000,42132248,0,0,210832,1,3259542.4255125355,42974495,1.6600000000000001,1.66,1.533957638,0.030953,64,0.030960476,0
deepseek_multicore,random,100,4,22573949,57541048636984,1.53491,8e-06,550,9.349e-06,0.086177833,5000000,5000000,42132248,0,0,210840,2,3257468.5393313863,42974495,1.6700000000000002,1.67,1.534934241,0.031082,64,0.031084653,0
deepseek_multicore,random,100,4,22573949,57541048636984,1.535639,8e-06,550,8.133e-06,0.08428858,5000000,5000000,42132248,0,0,210812,3,3255856.9314056076,42974495,1.6600000000000001,1.67,1.535694014,0.03112,64,0.03113023,0
deepseek_multicore,random,100,4,22573949,57541048636984,1.538398,7e-06,550,8.709e-06,0.08470678,5000000,5000000,42132248,0,0,210840,4,3250068.5741718668,42974495,1.6600000000000001,1.67,1.538429078,0.031207,64,0.031209323,0
deepseek_multicore,random,100,4,22573949,57541048636984,1.53267,7e-06,550,8.305e-06,0.086789781,5000000,5000000,42132248,0,0,210832,5,3262179.4962307806,42974495,1.6600000000000001,1.67,1.532717622,0.030818,64,0.03082093,0
fixedlat,random,100,4,0,0,2.107476,0.749192,20400039,0.749211615,0.09286582,5000000,5000000,40400039,0,0,953012,1,2372450.8029171135,40800035,2.3000000000000003,2.31,2.107525262,0.021296,50005,0.0212979,0
fixedlat,random,100,4,0,0,2.12779,0.762153,20400039,0.762185413,0.085964697,5000000,5000000,40400039,0,0,953048,2,2349761.6305226795,40800035,2.3200000000000003,2.32,2.127875413,0.022125,50005,0.022128117,0
fixedlat,random,100,4,0,0,2.09739,0.746008,20400039,0.746020741,0.083618672,5000000,5000000,40400039,0,0,953048,3,2383872.871553564,40800035,2.29,2.29,2.097427283,0.021444,50005,0.021446604,0
fixedlat,random,100,4,0,0,2.102768,0.747496,20400039,0.747511557,0.083449101,5000000,5000000,40400039,0,0,953040,4,2377750.473857731,40800035,2.29,2.29,2.102827885,0.021425,50005,0.021427885,0
fixedlat,random,100,4,0,0,2.107376,0.750266,20400039,0.750291302,0.087723349,5000000,5000000,40400039,0,0,953052,5,2372552.4809107017,40800035,2.3000000000000003,2.3,2.107434942,0.02138,50005,0.021383182,0
md1,random,100,4,0,0,0.815877,1.3e-05,441,1.3883e-05,0.087122479,5000000,5000000,20000441,0,0,210840,1,6128295.836568793,20400437,0.9299999999999999,0.93,0.815887505,0.016654,111,0.016657157,0
md1,random,100,4,0,0,0.881419,1.3e-05,441,1.4349e-05,0.084139857,5000000,5000000,20000441,0,0,210816,2,5672482.030578121,20400437,0.99,1.0,0.881448363,0.017968,111,0.01797009,0
md1,random,100,4,0,0,0.814474,1.4e-05,441,1.4339e-05,0.083262447,5000000,5000000,20000441,0,0,210840,3,6138791.630580701,20400437,0.9299999999999999,0.93,0.814492542,0.016506,111,0.016508665,0
md1,random,100,4,0,0,0.812138,1.3e-05,441,1.3801e-05,0.082319648,5000000,5000000,20000441,0,0,210840,4,6156464.776777355,20400437,0.9199999999999999,0.93,0.812154407,0.016732,111,0.016734149,0
md1,random,100,4,0,0,0.813193,1.3e-05,441,1.3919e-05,0.087425148,5000000,5000000,20000441,0,0,210828,5,6148219.333780035,20400437,0.9299999999999999,0.93,0.813243596,0.016432,111,0.01643471,0
wmg1,random,100,4,0,0,1.310836,2.6e-05,842,2.6275e-05,0.088808881,5000000,5000000,20000842,0,0,210832,1,3814213.49326479,20400838,1.4400000000000002,1.44,1.310886244,0.026246,211,0.026244402,0
wmg1,random,100,4,0,0,1.309466,2.5e-05,842,2.6086e-05,0.082620851,5000000,5000000,20000842,0,0,210820,2,3818155.29283221,20400838,1.4300000000000002,1.43,1.309532907,0.026424,211,0.026426658,0
wmg1,random,100,4,0,0,1.31516,2.5e-05,842,2.5668e-05,0.083500084,5000000,5000000,20000842,0,0,210788,3,3801760.062230129,20400838,1.4400000000000002,1.44,1.315180316,0.026757,211,0.026760243,0
wmg1,random,100,4,0,0,1.316215,2.5e-05,842,2.6319e-05,0.083359452,5000000,5000000,20000842,0,0,210840,4,3798689.6658555344,20400838,1.4400000000000002,1.44,1.316243347,0.026436,211,0.026440138,0
wmg1,random,100,4,0,0,1.310468,2.5e-05,842,2.5289e-05,0.085597754,5000000,5000000,20000842,0,0,210836,5,3815302.6369512244,20400838,1.4300000000000002,1.44,1.310512029,0.026416,211,0.026418002,0
mess,random,100,4,0,0,1.206423,0.002518,52409,0.002518631,0.086036138,5000000,5000000,20052409,0,0,210840,1,4144322.610025949,20452405,1.32,1.33,1.206469783,0.017609,299,0.017618543,0
mess,random,100,4,0,0,1.217626,0.002505,52409,0.002504922,0.082873942,5000000,5000000,20052409,0,0,210760,2,4106233.3282204703,20452405,1.33,1.33,1.217660956,0.017677,299,0.017679757,0
mess,random,100,4,0,0,1.20377,0.002428,52409,0.002428607,0.079827451,5000000,5000000,20052409,0,0,210840,3,4153495.672296336,20452405,1.31,1.32,1.203805275,0.017643,299,0.017653904,0
mess,random,100,4,0,0,1.198594,0.002466,52409,0.002467601,0.093246201,5000000,5000000,20052409,0,0,210840,4,4171410.812183363,20452405,1.32,1.33,1.19863524,0.017713,299,0.017715436,0
mess,random,100,4,0,0,1.203257,0.002545,52409,0.00254594,0.085585839,5000000,5000000,20052409,0,0,210804,5,4155267.245015599,20452405,1.31,1.32,1.20329204,0.017591,299,0.017593182,0
oracle,random,50,16,0,0,35.803232,0.000221,660,0.000222756,0.08077202,2498354,2498354,80000660,2501646,2501646,210840,1,139646.3795610611,81600644,36.6,36.6,35.804723443,0.700967,5,0.700999262,36
oracle,random,50,16,0,0,35.264533,0.000215,660,0.000215884,0.080693613,2498354,2498354,80000660,2501646,2501646,210832,2,141777.77857076292,81600644,36.06,36.06,35.266457483,0.700906,5,0.700908851,36
oracle,random,50,16,0,0,35.866823,0.000214,660,0.00021468,0.083688414,2498354,2498354,80000660,2501646,2501646,210840,3,139397.7311179991,81600644,36.67,36.68,35.868589538,0.706267,5,0.706285202,36
oracle,random,50,16,0,0,35.652193,0.000213,660,0.000215001,0.080465161,2498354,2498354,80000660,2501646,2501646,210836,4,140226.49278280954,81600644,36.45,36.46,35.656600267,0.700416,5,0.700428066,36
oracle,random,50,16,0,0,35.592689,0.000219,660,0.000220721,0.086358715,2498354,2498354,80000660,2501646,2501646,210840,5,140470.2639132124,81600644,36.39,36.4,35.594722048,0.699271,5,0.699289261,36
astra_single_core,random,50,16,0,0,1.094542,2e-06,110,2.784e-06,0.086751098,2498354,2498354,80000110,2501646,2501646,210836,1,4568096.081123013,81600094,1.21,1.22,1.094547906,0.022233,4,0.022234927,5
astra_single_core,random,50,16,0,0,1.096111,1e-06,110,2.517e-06,0.089420168,2498354,2498354,80000110,2501646,2501646,210840,2,4561464.373111292,81600094,1.22,1.22,1.09613922,0.022119,4,0.022122082,5
astra_single_core,random,50,16,0,0,1.091584,2e-06,110,2.68e-06,0.091898828,2498354,2498354,80000110,2501646,2501646,210840,3,4580357.930531481,81600094,1.22,1.22,1.091617746,0.022164,4,0.022167064,5
astra_single_core,random,50,16,0,0,1.101012,1e-06,110,2.591e-06,0.082888734,2498354,2498354,80000110,2501646,2501646,210784,4,4541174.53386812,81600094,1.22,1.22,1.101036739,0.022364,4,0.022366527,5
astra_single_core,random,50,16,0,0,1.095051,2e-06,110,3.126e-06,0.094208132,2498354,2498354,80000110,2501646,2501646,210812,5,4565842.676709416,81600094,1.23,1.23,1.095088104,0.022151,4,0.022154252,5
deepseek_single_core,random,50,16,0,0,1.407715,2e-06,104,3.286e-06,0.086255068,2498354,2498354,80000104,2501646,2501646,210804,1,3551756.977672009,81600088,1.53,1.54,1.407753974,0.028591,5,0.02859335,4
deepseek_single_core,random,50,16,0,0,1.407666,2e-06,104,4.181e-06,0.084702975,2498354,2498354,80000104,2501646,2501646,210840,2,3551866.713706737,81600088,1.53,1.54,1.407710481,0.028559,5,0.028561756,4
deepseek_single_core,random,50,16,0,0,1.408292,2e-06,104,2.648e-06,0.086716696,2498354,2498354,80000104,2501646,2501646,210840,3,3550198.5388534497,81600088,1.54,1.54,1.408371939,0.028405,5,0.0284133,4
deepseek_single_core,random,50,16,0,0,1.41255,1e-06,104,2.422e-06,0.087026445,2498354,2498354,80000104,2501646,2501646,210840,4,3539536.640914841,81600088,1.54,1.54,1.412614279,0.028455,5,0.028458214,4
deepseek_single_core,random,50,16,0,0,1.409569,1e-06,104,3.138e-06,0.097555548,2498354,2498354,80000104,2501646,2501646,210840,5,3546945.6926449793,81600088,1.55,1.55,1.409663534,0.028338,5,0.028351402,4
astra_multicore,random,50,16,0,0,1.104036,2e-06,110,2.91e-06,0.086149123,2498354,2498354,80000110,2501646,2501646,210800,1,4528525.865972905,81600094,1.22,1.23,1.104112055,0.022202,4,0.022204217,5
astra_multicore,random,50,16,0,0,1.107608,1e-06,110,2.6e-06,0.08407784,2498354,2498354,80000110,2501646,2501646,210840,2,4514126.825379045,81600094,1.22,1.23,1.107633922,0.022592,4,0.022601138,5
astra_multicore,random,50,16,0,0,1.102632,2e-06,110,2.787e-06,0.083181603,2498354,2498354,80000110,2501646,2501646,210804,3,4534528.713942668,81600094,1.22,1.22,1.102650422,0.02222,4,0.022230043,5
astra_multicore,random,50,16,0,0,1.106554,2e-06,110,2.768e-06,0.082982454,2498354,2498354,80000110,2501646,2501646,210840,4,4518437.33806429,81600094,1.22,1.23,1.106577258,0.02222,4,0.022223723,5
astra_multicore,random,50,16,0,0,1.106767,1e-06,110,2.866e-06,0.085920964,2498354,2498354,80000110,2501646,2501646,210784,5,4517503.310975303,81600094,1.22,1.23,1.106806051,0.022483,4,0.022485731,5
deepseek_multicore,random,50,16,0,0,1.491357,2e-06,100,2.879e-06,0.082534789,2498354,2498354,80000100,2501646,2501646,210840,1,3352588.2579453085,81600084,1.61,1.62,1.491385048,0.029935,5,0.029944158,4
deepseek_multicore,random,50,16,0,0,1.494497,1e-06,100,2.754e-06,0.083792473,2498354,2498354,80000100,2501646,2501646,210832,2,3345545.211238307,81600084,1.62,1.62,1.494524714,0.030276,5,0.030278206,4
deepseek_multicore,random,50,16,0,0,1.495979,2e-06,100,3.112e-06,0.086748723,2498354,2498354,80000100,2501646,2501646,210840,3,3342187.396023506,81600084,1.62,1.63,1.496026227,0.030325,5,0.030327857,4
deepseek_multicore,random,50,16,0,0,1.494724,2e-06,100,2.935e-06,0.091053983,2498354,2498354,80000100,2501646,2501646,210812,4,3344977.736028888,81600084,1.6300000000000001,1.63,1.49477826,0.030183,5,0.030191821,4
deepseek_multicore,random,50,16,0,0,1.494326,2e-06,100,3.462e-06,0.086993481,2498354,2498354,80000100,2501646,2501646,210832,5,3345953.2316777203,81600084,1.62,1.63,1.494342465,0.030138,5,0.030140512,4
fixedlat,random,50,16,0,0,0.4502,1e-06,11,1.562e-06,0.082421194,2498354,2498354,80000011,2501646,2501646,210840,1,11105857.250881596,81599995,0.55,0.56,0.450212882,0.009303,0,0.009305338,0
fixedlat,random,50,16,0,0,0.450835,0.0,11,1.563e-06,0.095589542,2498354,2498354,80000011,2501646,2501646,210804,2,11090151.980751382,81599995,0.57,0.57,0.450850449,0.009161,0,0.009163708,0
fixedlat,random,50,16,0,0,0.450416,1e-06,11,1.612e-06,0.08528618,2498354,2498354,80000011,2501646,2501646,210836,3,11100842.93007495,81599995,0.55,0.56,0.450416246,0.009097,0,0.009099289,0
fixedlat,random,50,16,0,0,0.450011,0.0,11,1.339e-06,0.085156779,2498354,2498354,80000011,2501646,2501646,210832,4,11110175.140578713,81599995,0.55,0.56,0.45003791,0.009316,0,0.009318073,0
fixedlat,random,50,16,0,0,0.450157,1e-06,11,1.654e-06,0.088703913,2498354,2498354,80000011,2501646,2501646,210800,5,11106553.302491752,81599995,0.5599999999999999,0.56,0.450184667,0.009137,0,0.009138837,0
md1,random,50,16,0,0,0.440883,1e-06,32,2.317e-06,0.084450436,2498354,2498354,80000032,2501646,2501646,210840,1,11340464.264136542,81600016,0.55,0.55,0.440899057,0.009662,0,0.009664965,0
md1,random,50,16,0,0,0.440846,1e-06,32,1.878e-06,0.085863939,2498354,2498354,80000032,2501646,2501646,210812,2,11341292.290853873,81600016,0.54,0.55,0.440866867,0.009403,0,0.009404989,0
md1,random,50,16,0,0,0.440895,1e-06,32,1.662e-06,0.085053306,2498354,2498354,80000032,2501646,2501646,210840,3,11340284.064090993,81600016,0.54,0.55,0.440906063,0.00937,0,0.00937994,0
md1,random,50,16,0,0,0.440939,1e-06,32,2.059e-06,0.092506581,2498354,2498354,80000032,2501646,2501646,210836,4,11339052.910368063,81600016,0.5499999999999999,0.56,0.440953935,0.009361,0,0.009362838,0
md1,random,50,16,0,0,0.444427,1e-06,32,1.726e-06,0.083304945,2498354,2498354,80000032,2501646,2501646,210832,5,11250013.95845482,81600016,0.55,0.55,0.444443893,0.009237,0,0.009239616,0
wmg1,random,50,16,0,0,0.765536,1e-06,14,1.738e-06,0.084273039,2498354,2498354,80000014,2501646,2501646,210796,1,6531266.681018385,81599998,0.8800000000000001,0.88,0.765548284,0.015469,0,0.015471213,0
wmg1,random,50,16,0,0,0.761923,1e-06,14,1.438e-06,0.079492638,2498354,2498354,80000014,2501646,2501646,210840,2,6562226.848947969,81599998,0.8700000000000001,0.87,0.761936476,0.015724,0,0.015726827,0
wmg1,random,50,16,0,0,0.761791,1e-06,14,1.563e-06,0.080007771,2498354,2498354,80000014,2501646,2501646,210840,3,6563248.845772947,81599998,0.8700000000000001,0.87,0.761817831,0.015612,0,0.01561378,0
wmg1,random,50,16,0,0,0.762262,1e-06,14,2.178e-06,0.085437541,2498354,2498354,80000014,2501646,2501646,210800,4,6559240.234702839,81599998,0.88,0.88,0.762283408,0.015586,0,0.015588327,0
wmg1,random,50,16,0,0,0.768261,2e-06,14,1.774e-06,0.08159785,2498354,2498354,80000014,2501646,2501646,210764,5,6508041.2400880465,81599998,0.8800000000000001,0.88,0.768280319,0.01557,0,0.015572282,0
mess,random,50,16,0,0,0.544571,1e-06,131,2.334e-06,0.090564415,2498354,2498354,80000131,2501646,2501646,210840,1,9181174.00344044,81600115,0.6599999999999999,0.66,0.544592663,0.011014,5,0.011015592,0
mess,random,50,16,0,0,0.545098,1e-06,131,1.711e-06,0.081552105,2498354,2498354,80000131,2501646,2501646,210800,2,9172661.251513937,81600115,0.6499999999999999,0.65,0.545098076,0.011049,5,0.011052642,0
mess,random,50,16,0,0,0.544818,2e-06,131,2.092e-06,0.081068123,2498354,2498354,80000131,2501646,2501646,210780,3,9176817.972469103,81600115,0.6399999999999999,0.65,0.544851169,0.010945,5,0.010947878,0
mess,random,50,16,0,0,0.562737,1e-06,131,1.698e-06,0.084000437,2498354,2498354,80000131,2501646,2501646,210808,4,8884945.252628839,81600115,0.6699999999999999,0.67,0.562749669,0.011087,5,0.011089621,0
mess,random,50,16,0,0,0.542628,1e-06,131,1.674e-06,0.085729891,2498354,2498354,80000131,2501646,2501646,210796,5,9213931.425986137,81600115,0.6499999999999999,0.65,0.542656524,0.010713,5,0.010714772,0
oracle,random,75,16,0,0,27.286604,0.000243,683,0.000244725,0.089058357,3749323,3749323,80000683,1250677,1250677,210804,1,183231.00638065644,81600667,27.93,27.94,27.287957965,0.543136,5,0.543149194,36
oracle,random,75,16,0,0,27.534951,0.000259,683,0.000260902,0.083760335,3749323,3749323,80000683,1250677,1250677,210840,2,181576.464989645,81600667,28.17,28.18,27.536608339,0.544836,5,0.54484462,36
oracle,random,75,16,0,0,27.250944,0.000247,683,0.000248636,0.081643902,3749323,3749323,80000683,1250677,1250677,210804,3,183468.3186327075,81600667,27.889999999999997,27.89,27.252661589,0.54336,5,0.54338285,36
oracle,random,75,16,0,0,27.723737,0.000244,683,0.000245536,0.083908621,3749323,3749323,80000683,1250677,1250677,210812,4,180338.13029014884,81600667,28.36,28.37,27.725695015,0.545054,5,0.545077125,36
oracle,random,75,16,0,0,27.265436,0.000242,683,0.000243862,0.082406442,3749323,3749323,80000683,1250677,1250677,210840,5,183371.69952838638,81600667,27.9,27.91,27.267021099,0.54371,5,0.543718322,36
astra_single_core,random,75,16,0,0,1.059416,2e-06,110,2.526e-06,0.089758078,3749323,3749323,80000110,1250677,1250677,210840,1,4719493.746022329,81600094,1.1800000000000002,1.19,1.059435666,0.02147,6,0.02147305,2
astra_single_core,random,75,16,0,0,1.043,2e-06,110,3.219e-06,0.08893815,3749323,3749323,80000110,1250677,1250677,210804,2,4793803.023985596,81600094,1.1600000000000001,1.17,1.043013235,0.021187,6,0.021189337,2
astra_single_core,random,75,16,0,0,1.046919,2e-06,110,2.794e-06,0.082111502,3749323,3749323,80000110,1250677,1250677,210840,3,4775821.286811272,81600094,1.1600000000000001,1.17,1.046940348,0.021333,6,0.021336346,2
astra_single_core,random,75,16,0,0,1.048186,2e-06,110,2.563e-06,0.093947133,3749323,3749323,80000110,1250677,1250677,210840,4,4770069.235122212,81600094,1.1700000000000002,1.18,1.048202815,0.021281,6,0.021283956,2
astra_single_core,random,75,16,0,0,1.053845,2e-06,110,2.838e-06,0.092183846,3749323,3749323,80000110,1250677,1250677,210832,5,4744413.365964371,81600094,1.1800000000000002,1.18,1.053871072,0.021552,6,0.021555124,2
deepseek_single_core,random,75,16,0,0,1.382193,2e-06,94,3.202e-06,0.0844096,3749323,3749323,80000094,1250677,1250677,210780,1,3617271.3702744185,81600078,1.5,1.51,1.382257367,0.027767,7,0.027769996,1
deepseek_single_core,random,75,16,0,0,1.384917,2e-06,94,3.116e-06,0.082091092,3749323,3749323,80000094,1250677,1250677,210784,2,3610272.246102797,81600078,1.51,1.51,1.384937107,0.027894,7,0.027896405,1
deepseek_single_core,random,75,16,0,0,1.38185,2e-06,94,3.11e-06,0.082035538,3749323,3749323,80000094,1250677,1250677,210832,3,3618220.3009150806,81600078,1.51,1.51,1.38189485,0.027679,7,0.027681295,1
deepseek_single_core,random,75,16,0,0,1.38857,1e-06,94,2.77e-06,0.092745148,3749323,3749323,80000094,1250677,1250677,210840,4,3600591.6016841796,81600078,1.52,1.53,1.388660685,0.028012,7,0.028015148,1
deepseek_single_core,random,75,16,0,0,1.383986,2e-06,94,2.74e-06,0.087496888,3749323,3749323,80000094,1250677,1250677,210840,5,3612652.1450839224,81600078,1.51,1.52,1.384024755,0.028175,7,0.028177156,1
astra_multicore,random,75,16,0,0,1.06777,2e-06,110,2.667e-06,0.083068253,3749323,3749323,80000110,1250677,1250677,210784,1,4682540.477010717,81600094,1.1900000000000002,1.19,1.067796429,0.02171,6,0.021712623,2
astra_multicore,random,75,16,0,0,1.068126,2e-06,110,2.596e-06,0.083482741,3749323,3749323,80000110,1250677,1250677,210804,2,4680898.124185218,81600094,1.1800000000000002,1.19,1.068171079,0.021684,6,0.021687168,2
astra_multicore,random,75,16,0,0,1.078876,2e-06,110,2.439e-06,0.083886097,3749323,3749323,80000110,1250677,1250677,210840,3,4634387.738356201,81600094,1.1900000000000002,1.2,1.078891168,0.021871,6,0.021874218,2
astra_multicore,random,75,16,0,0,1.083197,2e-06,110,3.006e-06,0.084109414,3749323,3749323,80000110,1250677,1250677,210800,4,4615828.192213123,81600094,1.2,1.2,1.083229226,0.02186,6,0.021862589,2
astra_multicore,random,75,16,0,0,1.07092,2e-06,110,2.723e-06,0.086647836,3749323,3749323,80000110,1250677,1250677,210840,5,4668839.185234114,81600094,1.1900000000000002,1.2,1.070930011,0.021779,6,0.021782618,2
deepseek_multicore,random,75,16,0,0,1.455797,2e-06,94,3.306e-06,0.081732525,3749323,3749323,80000094,1250677,1250677,210796,1,3434444.982625026,81600078,1.58,1.58,1.455839306,0.029497,7,0.029499145,1
deepseek_multicore,random,75,16,0,0,1.452981,2e-06,94,3.19e-06,0.082212033,3749323,3749323,80000094,1250677,1250677,210840,2,3441112.8344731824,81600078,1.58,1.58,1.453018323,0.029189,7,0.029191105,1
deepseek_multicore,random,75,16,0,0,1.44883,2e-06,94,2.912e-06,0.097028259,3749323,3749323,80000094,1250677,1250677,210840,3,3450855.5693790084,81600078,1.59,1.59,1.448916044,0.029342,7,0.029344524,1
deepseek_multicore,random,75,16,0,0,1.448512,1e-06,94,2.644e-06,0.084664244,3749323,3749323,80000094,1250677,1250677,210832,4,3451745.6281898487,81600078,1.57,1.58,1.44854243,0.029355,7,0.029356884,1
deepseek_multicore,random,75,16,0,0,1.450979,2e-06,94,3.025e-06,0.085708031,3749323,3749323,80000094,1250677,1250677,210784,5,3445807.368844586,81600078,1.58,1.58,1.451038745,0.029123,7,0.029125654,1
fixedlat,random,75,16,0,0,0.543681,1e-06,27,1.619e-06,0.085758776,3749323,3749323,80000027,1250677,1250677,210784,1,9196194.95589001,81600011,0.6499999999999999,0.65,0.543703132,0.010971,1,0.010972717,0
fixedlat,random,75,16,0,0,0.544749,0.0,27,1.562e-06,0.083241451,3749323,3749323,80000027,1250677,1250677,210840,2,9178531.457509272,81600011,0.6499999999999999,0.65,0.544749454,0.011136,1,0.011138439,0
fixedlat,random,75,16,0,0,0.562205,1e-06,27,1.546e-06,0.089434299,3749323,3749323,80000027,1250677,1250677,210840,3,8893479.552833073,81600011,0.6699999999999999,0.68,0.562209647,0.011586,1,0.011594234,0
fixedlat,random,75,16,0,0,0.545578,1e-06,27,1.582e-06,0.085647921,3749323,3749323,80000027,1250677,1250677,210796,4,9164070.867226267,81600011,0.6599999999999999,0.66,0.54560905,0.011295,1,0.011296835,0
fixedlat,random,75,16,0,0,0.544257,1e-06,27,1.528e-06,0.088141695,3749323,3749323,80000027,1250677,1250677,210804,5,9186631.131528068,81600011,0.6499999999999999,0.66,0.544269159,0.011099,1,0.011101823,0
md1,random,75,16,0,0,0.528237,1e-06,48,1.943e-06,0.083839919,3749323,3749323,80000048,1250677,1250677,210816,1,9465254.126408298,81600032,0.6300000000000001,0.64,0.528247835,0.011121,2,0.011122736,0
md1,random,75,16,0,0,0.52484,1e-06,48,2.023e-06,0.080408159,3749323,3749323,80000048,1250677,1250677,210800,2,9526585.897565875,81600032,0.6200000000000001,0.63,0.524846997,0.010753,2,0.010755965,0
md1,random,75,16,0,0,0.524089,1e-06,48,1.642e-06,0.082416374,3749323,3749323,80000048,1250677,1250677,210792,3,9540094.901925735,81600032,0.6300000000000001,0.63,0.524103801,0.010874,2,0.010876537,0
md1,random,75,16,0,0,0.523097,1e-06,48,2.182e-06,0.085372808,3749323,3749323,80000048,1250677,1250677,210840,4,9558138.18700841,81600032,0.6300000000000001,0.64,0.523114429,0.010816,2,0.010818255,0
md1,random,75,16,0,0,0.524609,1e-06,48,1.64e-06,0.082600261,3749323,3749323,80000048,1250677,1250677,210840,5,9530652.56866107,81600032,0.6300000000000001,0.63,0.524623048,0.010908,2,0.01091038,0
wmg1,random,75,16,0,0,0.889244,1e-06,30,2.496e-06,0.086984216,3749323,3749323,80000030,1250677,1250677,210828,1,5622468.920515496,81600014,1.0,1.01,0.889289042,0.018109,1,0.018111395,0
wmg1,random,75,16,0,0,0.876977,1e-06,30,2.709e-06,0.079710965,3749323,3749323,80000030,1250677,1250677,210832,2,5701217.039257468,81600014,0.98,0.99,0.877005728,0.017864,1,0.017866206,0
wmg1,random,75,16,0,0,0.889332,1e-06,30,2.531e-06,0.083541655,3749323,3749323,80000030,1250677,1250677,210792,3,5622049.3004541965,81600014,1.0,1.01,0.889355417,0.018174,1,0.01817622,0
wmg1,random,75,16,0,0,0.872626,1e-06,30,2.668e-06,0.106540716,3749323,3749323,80000030,1250677,1250677,210840,4,5729413.191976854,81600014,1.01,1.01,0.872689721,0.017645,1,0.017654259,0
wmg1,random,75,16,0,0,0.888984,0.0,30,1.497e-06,0.082991627,3749323,3749323,80000030,1250677,1250677,210840,5,5624301.239626139,81600014,1.0,1.01,0.888999324,0.018069,1,0.018071189,0
mess,random,75,16,0,0,0.634977,2e-06,126,3.225e-06,0.085014082,3749323,3749323,80000126,1250677,1250677,210832,1,7873742.287382038,81600110,0.74,0.75,0.635022054,0.013368,7,0.013376205,0
mess,random,75,16,0,0,0.635368,2e-06,126,2.706e-06,0.092705531,3749323,3749323,80000126,1250677,1250677,210840,2,7869376.769015241,81600110,0.75,0.76,0.635374331,0.013028,7,0.013030669,0
mess,random,75,16,0,0,0.63009,1e-06,126,2.033e-06,0.105968666,3749323,3749323,80000126,1250677,1250677,210840,3,7935203.666127576,81600110,0.76,0.76,0.63010355,0.013134,7,0.013136951,0
mess,random,75,16,0,0,0.634475,2e-06,126,2.734e-06,0.094144823,3749323,3749323,80000126,1250677,1250677,210832,4,7880455.581872004,81600110,0.76,0.76,0.634481084,0.012987,7,0.012989544,0
mess,random,75,16,0,0,0.634413,2e-06,126,2.442e-06,0.082995095,3749323,3749323,80000126,1250677,1250677,210796,5,7881103.42912989,81600110,0.74,0.75,0.634428928,0.01322,7,0.013222483,0
oracle,streaming,75,16,0,0,6.644851,5e-06,63,5.913e-06,0.082966523,3749323,3749323,80000063,1250677,1250677,210840,1,752448.6036862353,81600047,6.88,6.88,6.644972129,0.134506,1,0.134514404,0
oracle,streaming,75,16,0,0,6.661892,6e-06,63,7.062e-06,0.085352752,3749323,3749323,80000063,1250677,1250677,210828,2,750516.892504302,81600047,6.890000000000001,6.9,6.662075231,0.133967,1,0.133970472,0
oracle,streaming,75,16,0,0,6.642164,5e-06,63,6.662e-06,0.081457876,3749323,3749323,80000063,1250677,1250677,210840,3,752745.9921624177,81600047,6.87,6.88,6.64234689,0.134282,1,0.134284375,0
oracle,streaming,75,16,0,0,6.641071,6e-06,63,7.271e-06,0.096258154,3749323,3749323,80000063,1250677,1250677,210840,4,752868.6419099207,81600047,6.88,6.89,6.641264786,0.134099,1,0.134101316,0
oracle,streaming,75,16,0,0,6.660655,6e-06,63,7.058e-06,0.084243171,3749323,3749323,80000063,1250677,1250677,210804,5,750654.5281113359,81600047,6.890000000000001,6.9,6.660853712,0.133771,1,0.133779646,0
astra_single_core,streaming,75,16,0,0,0.955656,2e-06,66,3.323e-06,0.08195228,3749323,3749323,80000066,1250677,1250677,210796,1,5231946.097963222,81600050,1.07,1.07,0.955667338,0.019457,1,0.019459558,2
astra_single_core,streaming,75,16,0,0,0.957358,2e-06,66,2.782e-06,0.084714269,3749323,3749323,80000066,1250677,1250677,210840,2,5222213.361750836,81600050,1.07,1.08,0.957448433,0.019267,1,0.019268632,2
astra_single_core,streaming,75,16,0,0,0.957336,2e-06,66,2.353e-06,0.088179562,3749323,3749323,80000066,1250677,1250677,210840,3,5222670.123170418,81600050,1.08,1.08,0.957364697,0.019585,1,0.019588342,2
astra_single_core,streaming,75,16,0,0,0.956816,2e-06,66,2.746e-06,0.088337153,3749323,3749323,80000066,1250677,1250677,210832,4,5225523.5203280095,81600050,1.07,1.08,0.956841928,0.019232,1,0.019233625,2
astra_single_core,streaming,75,16,0,0,0.967694,2e-06,66,2.697e-06,0.085233434,3749323,3749323,80000066,1250677,1250677,210840,5,5166895.552217057,81600050,1.08,1.09,0.967699066,0.019796,1,0.019799025,2
deepseek_single_core,streaming,75,16,0,0,1.244776,1e-06,38,2.32e-06,0.082021027,3749323,3749323,80000038,1250677,1250677,210792,1,4016703.032182127,81600022,1.36,1.37,1.244802008,0.025208,1,0.025210598,2
deepseek_single_core,streaming,75,16,0,0,1.244099,1e-06,38,2.837e-06,0.082446544,3749323,3749323,80000038,1250677,1250677,210840,2,4018571.2386606405,81600022,1.36,1.37,1.244223308,0.025333,1,0.025335903,2
deepseek_single_core,streaming,75,16,0,0,1.246725,1e-06,38,2.235e-06,0.086202572,3749323,3749323,80000038,1250677,1250677,210832,3,4010430.642432601,81600022,1.37,1.37,1.246748902,0.025249,1,0.025251736,2
deepseek_single_core,streaming,75,16,0,0,1.246959,2e-06,38,2.694e-06,0.084708778,3749323,3749323,80000038,1250677,1250677,210832,4,4009653.22088294,81600022,1.37,1.37,1.246990631,0.025043,1,0.025046262,2
deepseek_single_core,streaming,75,16,0,0,1.248044,2e-06,38,2.696e-06,0.082924913,3749323,3749323,80000038,1250677,1250677,210840,5,4006157.165505288,81600022,1.37,1.37,1.248078843,0.025334,1,0.025335948,2
astra_multicore,streaming,75,16,0,0,0.960757,2e-06,69,2.855e-06,0.08554503,3749323,3749323,80000069,1250677,1250677,210840,1,5204027.694286671,81600053,1.07,1.08,0.960794272,0.019637,1,0.019639577,2
astra_multicore,streaming,75,16,0,0,0.966408,2e-06,69,2.64e-06,0.081849047,3749323,3749323,80000069,1250677,1250677,210840,2,5173556.492581829,81600053,1.08,1.08,0.966453156,0.019691,1,0.019693669,2
astra_multicore,streaming,75,16,0,0,0.976731,2e-06,69,2.688e-06,0.090467832,3749323,3749323,80000069,1250677,1250677,210836,3,5118927.20652294,81600053,1.09,1.1,0.976767162,0.019942,1,0.019944296,2
astra_multicore,streaming,75,16,0,0,0.961584,7e-06,69,7.732e-06,0.084597705,3749323,3749323,80000069,1250677,1250677,210836,4,5199609.2069392875,81600053,1.08,1.08,0.961610729,0.019515,1,0.01951773,2
astra_multicore,streaming,75,16,0,0,0.963588,2e-06,69,2.808e-06,0.08350498,3749323,3749323,80000069,1250677,1250677,210840,5,5188755.251736363,81600053,1.08,1.08,0.963622248,0.019567,1,0.019568959,2
deepseek_multicore,streaming,75,16,0,0,1.323583,1e-06,38,2.441e-06,0.081877823,3749323,3749323,80000038,1250677,1250677,210840,1,3777484.0931636947,81600022,1.45,1.45,1.323632311,0.026739,1,0.026740255,2
deepseek_multicore,streaming,75,16,0,0,1.328983,2e-06,38,2.711e-06,0.081410794,3749323,3749323,80000038,1250677,1250677,210840,2,3762211.0148748485,81600022,1.45,1.45,1.329005731,0.026922,1,0.026924435,2
deepseek_multicore,streaming,75,16,0,0,1.32758,1e-06,38,2.765e-06,0.081112146,3749323,3749323,80000038,1250677,1250677,210832,3,3766072.0098216026,81600022,1.4400000000000002,1.45,1.327643228,0.026952,1,0.026961347,2
deepseek_multicore,streaming,75,16,0,0,1.328646,2e-06,38,2.69e-06,0.083235562,3749323,3749323,80000038,1250677,1250677,210840,4,3763169.9848116958,81600022,1.45,1.46,1.32866706,0.026968,1,0.026976575,2
deepseek_multicore,streaming,75,16,0,0,1.329045,1e-06,38,2.547e-06,0.083422745,3749323,3749323,80000038,1250677,1250677,210792,5,3762025.694155457,81600022,1.45,1.46,1.329071199,0.027012,1,0.027014211,2
fixedlat,streaming,75,16,0,0,0.545226,0.0,27,1.594e-06,0.083755283,3749323,3749323,80000027,1250677,1250677,210832,1,9169812.190398943,81600011,0.6499999999999999,0.65,0.545267438,0.011151,1,0.011152875,0
fixedlat,streaming,75,16,0,0,0.544725,1e-06,27,1.861e-06,0.083761819,3749323,3749323,80000027,1250677,1250677,210808,2,9178542.27463648,81600011,0.6499999999999999,0.65,0.544748812,0.011003,1,0.011011622,0
fixedlat,streaming,75,16,0,0,0.543892,1e-06,27,1.572e-06,0.082815558,3749323,3749323,80000027,1250677,1250677,210840,3,9192878.724729003,81600011,0.6399999999999999,0.65,0.543899267,0.011232,1,0.011235198,0
fixedlat,streaming,75,16,0,0,0.545291,1e-06,27,1.61e-06,0.086341319,3749323,3749323,80000027,1250677,1250677,210840,4,9169100.04190132,81600011,0.6499999999999999,0.66,0.545309788,0.011129,1,0.011131382,0
fixedlat,streaming,75,16,0,0,0.549875,1e-06,27,1.99e-06,0.086743907,3749323,3749323,80000027,1250677,1250677,210780,5,9092732.812063087,81600011,0.6599999999999999,0.66,0.549889687,0.011324,1,0.011327492,0
md1,streaming,75,16,0,0,0.524276,1e-06,48,1.847e-06,0.087791581,3749323,3749323,80000048,1250677,1250677,210840,1,9536614.763329288,81600032,0.6300000000000001,0.64,0.524295059,0.010886,2,0.010888136,0
md1,streaming,75,16,0,0,0.525287,1e-06,48,1.706e-06,0.082981692,3749323,3749323,80000048,1250677,1250677,210840,2,9517812.576719517,81600032,0.6300000000000001,0.63,0.52533079,0.010994,2,0.010996119,0
md1,streaming,75,16,0,0,0.525102,1e-06,48,2.022e-06,0.080788111,3749323,3749323,80000048,1250677,1250677,210840,3,9521135.60808535,81600032,0.6300000000000001,0.63,0.525147441,0.011044,2,0.011046102,0
md1,streaming,75,16,0,0,0.524581,1e-06,48,2.164e-06,0.090625633,3749323,3749323,80000048,1250677,1250677,210828,4,9531056.648814984,81600032,0.6399999999999999,0.64,0.524600806,0.011013,2,0.011016292,0
md1,streaming,75,16,0,0,0.525313,0.0,48,1.889e-06,0.087678313,3749323,3749323,80000048,1250677,1250677,210828,5,9517907.29726569,81600032,0.6300000000000001,0.64,0.525325562,0.011117,2,0.01111989,0
wmg1,streaming,75,16,0,0,0.87536,1e-06,30,2.139e-06,0.085571886,3749323,3749323,80000030,1250677,1250677,210784,1,5711797.74657607,81600014,0.99,0.99,0.875381136,0.017823,1,0.017825016,0
wmg1,streaming,75,16,0,0,0.881725,1e-06,30,1.483e-06,0.083125482,3749323,3749323,80000030,1250677,1250677,210808,2,5670519.465582301,81600014,0.99,1.0,0.881753432,0.018067,1,0.018069277,0
wmg1,streaming,75,16,0,0,0.875676,1e-06,30,1.651e-06,0.081797301,3749323,3749323,80000030,1250677,1250677,210812,3,5709696.879843643,81600014,0.99,0.99,0.87570323,0.017823,1,0.01782523,0
wmg1,streaming,75,16,0,0,0.873997,1e-06,30,2.182e-06,0.093691911,3749323,3749323,80000030,1250677,1250677,210840,4,5720758.926268057,81600014,0.99,1.0,0.874009911,0.017845,1,0.017848151,0
wmg1,streaming,75,16,0,0,0.874075,1e-06,30,1.617e-06,0.086697547,3749323,3749323,80000030,1250677,1250677,210804,5,5720227.376567081,81600014,0.99,0.99,0.874091128,0.017866,1,0.017868601,0
mess,streaming,75,16,0,0,0.634435,1e-06,126,2.821e-06,0.088875956,3749323,3749323,80000126,1250677,1250677,210764,1,7880710.541947842,81600110,0.74,0.75,0.634460557,0.013165,7,0.013167156,0
mess,streaming,75,16,0,0,0.643134,2e-06,126,2.001e-06,0.082057065,3749323,3749323,80000126,1250677,1250677,210800,2,7774228.868213534,81600110,0.75,0.75,0.643150605,0.013062,7,0.013065172,0
mess,streaming,75,16,0,0,0.633529,1e-06,126,2.294e-06,0.085449584,3749323,3749323,80000126,1250677,1250677,210840,3,7892235.364875901,81600110,0.74,0.75,0.633534071,0.013209,7,0.013212601,0
mess,streaming,75,16,0,0,0.632019,2e-06,126,3.253e-06,0.088385573,3749323,3749323,80000126,1250677,1250677,210840,4,7910914.88371535,81600110,0.74,0.75,0.632038149,0.013184,7,0.013186106,0
mess,streaming,75,16,0,0,0.634208,1e-06,126,2.7e-06,0.084017089,3749323,3749323,80000126,1250677,1250677,210832,5,7883332.580842961,81600110,0.74,0.75,0.634249532,0.013196,7,0.013198919,0
oracle,random,75,1,39456789,100589077536461,82.564689,0.001018,1701,0.001019689,0.082664056,3749323,3749323,43685489,1250677,1250677,210836,1,60549.23574133291,44558488,84.30999999999999,84.32,82.577425442,1.645567,88,1.645719183,49
oracle,random,75,1,39456789,100589077536461,82.574983,0.001025,1701,0.001026205,0.079099631,3749323,3749323,43685489,1250677,1250677,210832,2,60543.289782609136,44558488,84.31,84.33,82.585535374,1.645925,88,1.645977611,49
oracle,random,75,1,39456789,100589077536461,82.554844,0.001022,1701,0.001022859,0.079797078,3749323,3749323,43685489,1250677,1250677,210804,3,60556.2438623082,44558488,84.3,84.31,82.567868829,1.6471,88,1.647138995,49
oracle,random,75,1,39456789,100589077536461,82.530068,0.001021,1701,0.001022573,0.082294434,3749323,3749323,43685489,1250677,1250677,210804,4,60574.454677982925,44558488,84.27,84.29,82.543046018,1.64256,88,1.642604558,49
oracle,random,75,1,39456789,100589077536461,84.520342,0.001036,1701,0.001037394,0.082127785,3749323,3749323,43685489,1250677,1250677,210840,5,59147.920574935066,44558488,86.25,86.28,84.533825558,1.641918,88,1.641943588,49
astra_single_core,random,75,1,39739820,101302915955429,1.126035,9e-06,659,1.0474e-05,0.090653846,3749323,3749323,43961111,1250677,1250677,210812,1,4440257.660372701,44840477,1.25,1.25,1.126060779,0.022867,64,0.022870001,11
astra_single_core,random,75,1,39739820,101302915955429,1.138401,8e-06,659,9.334e-06,0.088571831,3749323,3749323,43961111,1250677,1250677,210792,2,4392013.601117448,44840477,1.26,1.27,1.13842999,0.023145,64,0.023153049,11
astra_single_core,random,75,1,39739820,101302915955429,1.120867,8e-06,659,9.881e-06,0.094619915,3749323,3749323,43961111,1250677,1250677,210836,3,4460618.221862563,44840477,1.24,1.25,1.120920857,0.022633,64,0.022636564,11
astra_single_core,random,75,1,39739820,101302915955429,1.120636,8e-06,659,9.696e-06,0.095774556,3749323,3749323,43961111,1250677,1250677,210840,4,4461488.962210724,44840477,1.25,1.26,1.120702089,0.022486,64,0.022487978,11
astra_single_core,random,75,1,39739820,101302915955429,1.128053,9e-06,659,1.0228e-05,0.096953353,3749323,3749323,43961111,1250677,1250677,210840,5,4432169.81606903,44840477,1.26,1.26,1.12811562,0.022788,64,0.022790635,11
deepseek_single_core,random,75,1,50144822,127835669708980,1.793442,9e-06,748,1.0124e-05,0.088016898,3749323,3749323,54161517,1250677,1250677,210812,1,2787787.814691754,55245568,1.9300000000000002,1.93,1.793536787,0.036338,64,0.036339506,11
deepseek_single_core,random,75,1,50144822,127835669708980,1.800258,8e-06,748,9.931e-06,0.102408946,3749323,3749323,54161517,1250677,1250677,210804,2,2777286.812101009,55245568,1.9500000000000002,1.95,1.800318202,0.036032,64,0.03603514,11
deepseek_single_core,random,75,1,50144822,127835669708980,1.790204,8e-06,748,1.0079e-05,0.086761349,3749323,3749323,54161517,1250677,1250677,210800,3,2792870.278085144,55245568,1.9200000000000002,1.93,1.79027291,0.036265,64,0.036267658,11
deepseek_single_core,random,75,1,50144822,127835669708980,1.795135,9e-06,748,9.23e-06,0.088367069,3749323,3749323,54161517,1250677,1250677,210804,4,2785198.367863284,55245568,1.9300000000000002,1.94,1.795204269,0.036129,64,0.036132228,11
deepseek_single_core,random,75,1,50144822,127835669708980,1.796095,9e-06,748,9.598e-06,0.087183212,3749323,3749323,54161517,1250677,1250677,210784,5,2783766.744166974,55245568,1.9300000000000002,1.94,1.796127499,0.036387,64,0.03639055,11
astra_multicore,random,75,1,43780176,111608735883868,1.142605,1e-05,692,1.0825e-05,0.0848475,3749323,3749323,47921617,1250677,1250677,210784,1,4375735.264641922,48880866,1.27,1.27,1.142665106,0.023006,64,0.023007922,11
astra_multicore,random,75,1,43780176,111608735883868,1.145344,8e-06,692,9.506e-06,0.085232333,3749323,3749323,47921617,1250677,1250677,210832,2,4365462.102118655,48880866,1.26,1.27,1.145354119,0.023125,64,0.023127982,11
astra_multicore,random,75,1,43780176,111608735883868,1.14031,9e-06,692,9.709e-06,0.086650493,3749323,3749323,47921617,1250677,1250677,210760,3,4384624.640220721,48880866,1.26,1.27,1.14034847,0.023121,64,0.023123692,11
astra_multicore,random,75,1,43780176,111608735883868,1.143043,1.6e-05,692,1.6408e-05,0.085252973,3749323,3749323,47921617,1250677,1250677,210812,4,4374158.812080087,48880866,1.26,1.27,1.143076924,0.023054,64,0.023056075,11
astra_multicore,random,75,1,43780176,111608735883868,1.139233,9e-06,692,9.53e-06,0.082593275,3749323,3749323,47921617,1250677,1250677,210840,5,4388684.876727525,48880866,1.25,1.26,1.139293465,0.023078,64,0.023080714,11
deepseek_multicore,random,75,1,42126239,107384237696846,1.845157,9e-06,665,1.0479e-05,0.085597357,3749323,3749323,46299409,1250677,1250677,210840,1,2709752.964330462,47226902,1.98,1.98,1.845186652,0.037365,64,0.037368532,11
deepseek_multicore,random,75,1,42126239,107384237696846,1.841096,8e-06,665,9.834e-06,0.083294039,3749323,3749323,46299409,1250677,1250677,210808,2,2715697.8202777873,47226902,1.97,1.98,1.841147407,0.037373,64,0.037375692,11
deepseek_multicore,random,75,1,42126239,107384237696846,1.837871,8e-06,665,9.543e-06,0.083993136,3749323,3749323,46299409,1250677,1250677,210840,3,2720473.372987628,47226902,1.97,1.98,1.837915434,0.037241,64,0.037243636,11
deepseek_multicore,random,75,1,42126239,107384237696846,1.83858,9e-06,665,1.0136e-05,0.082923927,3749323,3749323,46299409,1250677,1250677,210840,4,2719341.046754002,47226902,1.97,1.98,1.838680737,0.037095,64,0.037097473,11
deepseek_multicore,random,75,1,42126239,107384237696846,1.842783,9e-06,665,9.988e-06,0.090577603,3749323,3749323,46299409,1250677,1250677,210832,5,2713160.684688542,47226902,1.99,1.99,1.842869104,0.036877,64,0.036878988,11
fixedlat,random,75,1,0,0,1.945176,0.96878,35700028,0.96882453,0.085319883,3749323,3749323,40700028,1250677,1250677,953040,1,2570341.0097686546,40800027,2.17,2.17,1.945267177,0.015275,65375,0.015277494,0
fixedlat,random,75,1,0,0,1.937862,0.968639,35700028,0.968645601,0.083109731,3749323,3749323,40700028,1250677,1250677,953040,2,2580106.2167187645,40800027,2.15,2.16,1.937904714,0.0151,65375,0.015102316,0
fixedlat,random,75,1,0,0,1.921314,0.944817,35700028,0.944855494,0.085455507,3749323,3749323,40700028,1250677,1250677,952996,3,2602294.7777524693,40800027,2.15,2.15,1.921381099,0.015129,65375,0.015131227,0
fixedlat,random,75,1,0,0,1.935229,0.954213,35700028,0.954274444,0.085713849,3749323,3749323,40700028,1250677,1250677,952988,4,2583550.062310138,40800027,2.16,2.16,1.935321507,0.015159,65375,0.015160871,0
fixedlat,random,75,1,0,0,1.941228,0.968494,35700028,0.968584311,0.082099287,3749323,3749323,40700028,1250677,1250677,953008,5,2575551.6546273087,40800027,2.16,2.17,1.941331672,0.014859,65375,0.014860562,0
md1,random,75,1,0,0,0.720178,4.1e-05,440,4.1642e-05,0.086070612,3749323,3749323,5000440,1250677,1250677,210788,1,6942505.325568065,5100439,0.8300000000000001,0.84,0.720201104,0.015096,343,0.015099841,0
md1,random,75,1,0,0,0.719714,4.1e-05,440,4.1642e-05,0.082015308,3749323,3749323,5000440,1250677,1250677,210840,2,6946947.5164714735,5100439,0.8300000000000001,0.83,0.719740575,0.014489,343,0.014490969,0
md1,random,75,1,0,0,0.721048,4.3e-05,440,4.366e-05,0.081133185,3749323,3749323,5000440,1250677,1250677,210832,3,6934157.650462308,5100439,0.8300000000000001,0.83,0.721068117,0.014591,343,0.014593094,0
md1,random,75,1,0,0,0.720682,4.1e-05,440,4.1399e-05,0.090897139,3749323,3749323,5000440,1250677,1250677,210788,4,6937733.420734714,5100439,0.84,0.84,0.720696472,0.014666,343,0.014668858,0
md1,random,75,1,0,0,0.720012,4.1e-05,440,4.1732e-05,0.082842752,3749323,3749323,5000440,1250677,1250677,210832,5,6944125.130423864,5100439,0.8300000000000001,0.83,0.720033108,0.014931,343,0.014934521,0
wmg1,random,75,1,0,0,1.272652,0.000369,3241,0.000370133,0.084271353,3749323,3749323,5003241,1250677,1250677,210812,1,3928698.42627365,5103240,1.3900000000000001,1.4,1.272686131,0.025705,2449,0.025707991,0
wmg1,random,75,1,0,0,1.282615,0.000371,3241,0.000371695,0.084817493,3749323,3749323,5003241,1250677,1250677,210840,2,3898226.3446700415,5103240,1.4000000000000001,1.41,1.282634603,0.025506,2449,0.025508355,0
wmg1,random,75,1,0,0,1.277667,0.000359,3241,0.000360092,0.082916062,3749323,3749323,5003241,1250677,1250677,210836,3,3913329.5647708736,5103240,1.4000000000000001,1.4,1.277684365,0.025723,2449,0.025724226,0
wmg1,random,75,1,0,0,1.272927,0.000361,3241,0.000362568,0.091471316,3749323,3749323,5003241,1250677,1250677,210792,4,3927301.255189045,5103240,1.4000000000000001,1.41,1.2731389,0.02558,2449,0.025582902,0
wmg1,random,75,1,0,0,1.266981,0.00036,3241,0.000360513,0.081674121,3749323,3749323,5003241,1250677,1250677,210788,5,3946186.0253338604,5103240,1.3900000000000001,1.39,1.267046198,0.025217,2449,0.025219555,0
mess,random,75,1,0,0,1.198428,0.012928,69347,0.01292862,0.082339452,3749323,3749323,5069347,1250677,1250677,210804,1,4172026.6466106996,5169346,1.31,1.31,1.198458309,0.015727,1315,0.015728443,0
mess,random,75,1,0,0,1.202847,0.012925,69347,0.012926035,0.080475339,3749323,3749323,5069347,1250677,1250677,210804,2,4156668.521028543,5169346,1.31,1.32,1.202886392,0.016012,1315,0.016013969,0
mess,random,75,1,0,0,1.196636,0.012874,69347,0.012874632,0.082157702,3749323,3749323,5069347,1250677,1250677,210840,3,4178267.3613719163,5169346,1.3,1.31,1.196668276,0.015935,1315,0.015944435,0
mess,random,75,1,0,0,1.212426,0.012936,69347,0.012937149,0.085756339,3749323,3749323,5069347,1250677,1250677,210768,4,4123853.7993733943,5169346,1.33,1.33,1.212458114,0.01607,1315,0.016072169,0
mess,random,75,1,0,0,1.198529,0.012924,69347,0.012924604,0.088451366,3749323,3749323,5069347,1250677,1250677,210796,5,4171690.045475418,5169346,1.32,1.32,1.198555009,0.015691,1315,0.015693149,0
oracle,random,100,16,0,0,16.591489,1.2e-05,110,1.282e-05,0.103522223,5000000,5000000,80000110,0,0,210760,1,301342.2862910884,81600094,17.04,17.04,16.592427374,0.32787,8,0.327884255,0
oracle,random,100,16,0,0,16.455416,1.1e-05,110,1.3105e-05,0.082129723,5000000,5000000,80000110,0,0,210832,2,303826.3624414855,81600094,16.869999999999997,16.89,16.456768135,0.329044,8,0.329052045,0
oracle,random,100,16,0,0,16.53859,1.1e-05,110,1.2473e-05,0.09175722,5000000,5000000,80000110,0,0,210780,3,302300.31787798024,81600094,16.97,16.98,16.539843673,0.329567,8,0.329586197,0
oracle,random,100,16,0,0,16.482877,1.1e-05,110,1.2288e-05,0.080712899,5000000,5000000,80000110,0,0,210768,4,303322.92358138156,81600094,16.91,16.91,16.484082182,0.327825,8,0.327826386,0
oracle,random,100,16,0,0,16.621686,1.1e-05,110,1.2434e-05,0.085715013,5000000,5000000,80000110,0,0,210840,5,300790.1791634967,81600094,17.06,17.06,16.622883147,0.331564,8,0.331577583,0
astra_single_core,random,100,16,0,0,0.999447,2e-06,110,2.83e-06,0.08956678,5000000,5000000,80000110,0,0,210832,1,5002614.841764716,81600094,1.12,1.12,0.999477305,0.020347,8,0.020349666,0
astra_single_core,random,100,16,0,0,0.999221,2e-06,110,3.095e-06,0.08911417,5000000,5000000,80000110,0,0,210840,2,5003801.287762287,81600094,1.12,1.12,0.99924032,0.020443,8,0.02044673,0
astra_single_core,random,100,16,0,0,0.999899,1e-06,110,2.819e-06,0.086923107,5000000,5000000,80000110,0,0,210840,3,5000319.660435252,81600094,1.12,1.12,0.999936072,0.02015,8,0.020152026,0
astra_single_core,random,100,16,0,0,0.992764,2e-06,110,2.718e-06,0.089157474,5000000,5000000,80000110,0,0,210840,4,5036371.192055898,81600094,1.12,1.12,0.992778294,0.020259,8,0.020262105,0
astra_single_core,random,100,16,0,0,0.996504,1e-06,110,2.305e-06,0.09544923,5000000,5000000,80000110,0,0,210840,5,5017148.457897492,81600094,1.12,1.13,0.996582031,0.019914,8,0.019916793,0
deepseek_single_core,random,100,16,0,0,1.306411,2e-06,110,2.53e-06,0.088056566,5000000,5000000,80000110,0,0,210828,1,3827211.595228875,81600094,1.4300000000000002,1.44,1.306434169,0.026348,8,0.026359062,0
deepseek_single_core,random,100,16,0,0,1.316215,2e-06,110,3.269e-06,0.089711016,5000000,5000000,80000110,0,0,210836,2,3798656.1884503975,81600094,1.4500000000000002,1.45,1.316254947,0.026709,8,0.026717681,0
deepseek_single_core,random,100,16,0,0,1.307725,2e-06,110,2.885e-06,0.087102217,5000000,5000000,80000110,0,0,210812,3,3823340.584619913,81600094,1.4300000000000002,1.44,1.307756892,0.026495,8,0.026498257,0
deepseek_single_core,random,100,16,0,0,1.310023,2e-06,110,2.93e-06,0.085647989,5000000,5000000,80000110,0,0,210832,4,3816593.679286844,81600094,1.4400000000000002,1.44,1.310068721,0.026656,8,0.026657783,0
deepseek_single_core,random,100,16,0,0,1.308647,2e-06,110,3.798e-06,0.085198168,5000000,5000000,80000110,0,0,210832,5,3820610.995579528,81600094,1.4300000000000002,1.44,1.308691203,0.026717,8,0.026720107,0
astra_multicore,random,100,16,0,0,1.028808,2e-06,110,3.007e-06,0.085692513,5000000,5000000,80000110,0,0,210804,1,4859938.747412082,81600094,1.1400000000000001,1.15,1.028819551,0.020813,8,0.020815328,0
astra_multicore,random,100,16,0,0,1.044448,2e-06,110,2.44e-06,0.08527506,5000000,5000000,80000110,0,0,210832,2,4787080.900270345,81600094,1.1600000000000001,1.17,1.044477857,0.021201,8,0.021203122,0
astra_multicore,random,100,16,0,0,1.026731,1e-06,110,3.3e-06,0.082235008,5000000,5000000,80000110,0,0,210840,3,4869637.747385012,81600094,1.1400000000000001,1.15,1.026770421,0.020764,8,0.020767021,0
astra_multicore,random,100,16,0,0,1.032683,2e-06,110,3.201e-06,0.0815565,5000000,5000000,80000110,0,0,210832,4,4841661.211881687,81600094,1.1500000000000001,1.15,1.032703401,0.021041,8,0.021043778,0
astra_multicore,random,100,16,0,0,1.028243,1e-06,110,2.655e-06,0.084220103,5000000,5000000,80000110,0,0,210832,5,4862544.975672123,81600094,1.1400000000000001,1.15,1.028268124,0.020776,8,0.020777923,0
deepseek_multicore,random,100,16,0,0,1.381468,2e-06,110,3.266e-06,0.082822817,5000000,5000000,80000110,0,0,210840,1,3619191.365607719,81600094,1.5,1.51,1.381524074,0.027759,8,0.027762504,0
deepseek_multicore,random,100,16,0,0,1.386018,2e-06,110,3.166e-06,0.083377895,5000000,5000000,80000110,0,0,210832,2,3607383.835072639,81600094,1.51,1.51,1.386046018,0.027731,8,0.027733607,0
deepseek_multicore,random,100,16,0,0,1.385813,2e-06,110,4.577e-06,0.085306021,5000000,5000000,80000110,0,0,210804,3,3607824.5398956337,81600094,1.51,1.52,1.385876709,0.02789,8,0.027893284,0
deepseek_multicore,random,100,16,0,0,1.388572,2e-06,110,3.257e-06,0.083779564,5000000,5000000,80000110,0,0,210840,4,3600768.196528891,81600094,1.51,1.52,1.38859258,0.028165,8,0.028168164,0
deepseek_multicore,random,100,16,0,0,1.388131,2e-06,110,3.002e-06,0.084644892,5000000,5000000,80000110,0,0,210840,5,3601842.9760303088,81600094,1.51,1.52,1.388178228,0.028041,8,0.02804307,0
fixedlat,random,100,16,0,0,0.619428,1e-06,43,2.345e-06,0.085050574,5000000,5000000,80000043,0,0,210840,1,8071743.255488645,81600027,0.72,0.73,0.619444876,0.012545,3,0.012547317,0
fixedlat,random,100,16,0,0,0.625136,1e-06,43,2.074e-06,0.082663838,5000000,5000000,80000043,0,0,210812,2,7997997.032810285,81600027,0.73,0.74,0.625156521,0.012769,3,0.012771747,0
fixedlat,random,100,16,0,0,0.620508,2e-06,43,2.409e-06,0.089112109,5000000,5000000,80000043,0,0,210828,3,8057720.689277927,81600027,0.73,0.74,0.620522874,0.012805,3,0.012811315,0
fixedlat,random,100,16,0,0,0.618965,2e-06,43,2.16e-06,0.082064857,5000000,5000000,80000043,0,0,210832,4,8077726.899604583,81600027,0.73,0.73,0.618986017,0.012736,3,0.012738254,0
fixedlat,random,100,16,0,0,0.618703,2e-06,43,2.213e-06,0.091593754,5000000,5000000,80000043,0,0,210804,5,8081272.151534689,81600027,0.74,0.74,0.618714468,0.012708,3,0.012710931,0
md1,random,100,16,0,0,0.584024,1e-06,64,2.628e-06,0.084654077,5000000,5000000,80000064,0,0,210832,1,8561213.414748168,81600048,0.69,0.7,0.584029361,0.012186,4,0.012189146,0
md1,random,100,16,0,0,0.581879,2e-06,64,1.95e-06,0.081166847,5000000,5000000,80000064,0,0,210836,2,8592716.732525975,81600048,0.69,0.69,0.581888145,0.012215,4,0.012217989,0
md1,random,100,16,0,0,0.582915,1e-06,64,2.41e-06,0.085820358,5000000,5000000,80000064,0,0,210820,3,8577256.233786006,81600048,0.69,0.7,0.582936998,0.012274,4,0.012276281,0
md1,random,100,16,0,0,0.580246,2e-06,64,2.086e-06,0.085231652,5000000,5000000,80000064,0,0,210836,4,8616961.79407516,81600048,0.69,0.69,0.580250919,0.012236,4,0.012239479,0
md1,random,100,16,0,0,0.583143,2e-06,64,2.575e-06,0.084492824,5000000,5000000,80000064,0,0,210840,5,8574152.79044928,81600048,0.69,0.69,0.583147994,0.012304,4,0.012311991,0
wmg1,random,100,16,0,0,0.989848,2e-06,46,2.767e-06,0.089113606,5000000,5000000,80000046,0,0,210840,1,5051185.077776113,81600030,1.11,1.11,0.989866719,0.020197,3,0.020199646,0
wmg1,random,100,16,0,0,0.98739,2e-06,46,2.225e-06,0.081156187,5000000,5000000,80000046,0,0,210804,2,5063744.486669693,81600030,1.1,1.1,0.987411591,0.020016,3,0.020018291,0
wmg1,random,100,16,0,0,0.98735,1e-06,46,2.313e-06,0.081094357,5000000,5000000,80000046,0,0,210840,3,5063968.741846757,81600030,1.1,1.1,0.987367864,0.020751,3,0.020753835,0
wmg1,random,100,16,0,0,0.992663,1e-06,46,2.378e-06,0.090575418,5000000,5000000,80000046,0,0,210784,4,5036627.361498288,81600030,1.11,1.12,0.9927278,0.020437,3,0.020440168,0
wmg1,random,100,16,0,0,0.985843,1e-06,46,1.954e-06,0.081978581,5000000,5000000,80000046,0,0,210832,5,5071678.154144478,81600030,1.1,1.1,0.985866975,0.020162,3,0.020164843,0
mess,random,100,16,0,0,0.732275,2e-06,115,3.875e-06,0.092329811,5000000,5000000,80000115,0,0,210832,1,6827439.503396738,81600099,0.85,0.86,0.732338968,0.014423,8,0.014426153,0
mess,random,100,16,0,0,0.727253,2e-06,115,2.848e-06,0.080830752,5000000,5000000,80000115,0,0,210832,2,6875042.78768817,81600099,0.8300000000000001,0.84,0.727268201,0.014602,8,0.014604601,0
mess,random,100,16,0,0,0.730744,2e-06,115,3.726e-06,0.106095454,5000000,5000000,80000115,0,0,210840,3,6842216.8121787,81600099,0.8400000000000001,0.87,0.730757317,0.014414,8,0.014422735,0
mess,random,100,16,0,0,0.733878,3e-06,115,2.902e-06,0.09632289,5000000,5000000,80000115,0,0,210788,4,6812871.144866521,81600099,0.86,0.86,0.733904971,0.014641,8,0.014649859,0
mess,random,100,16,0,0,0.73225,2e-06,115,2.973e-06,0.081229779,5000000,5000000,80000115,0,0,210760,5,6827931.781991545,81600099,0.8300000000000001,0.84,0.732286168,0.014634,8,0.014636487,0
oracle,random,100,1,35838708,91569484116309,69.845297,0.000496,659,0.000497795,0.080092015,5000000,5000000,40131446,0,0,210812,1,71580.71881513823,40939366,71.33999999999999,71.35,69.851212488,1.403359,74,1.403396774,0
oracle,random,100,1,35838708,91569484116309,69.608243,0.000495,659,0.000496264,0.079071309,5000000,5000000,40131446,0,0,210840,2,71820.19242092987,40939366,71.08,71.1,69.618304149,1.382605,74,1.382649644,0
oracle,random,100,1,35838708,91569484116309,67.994116,0.000492,659,0.000494028,0.082814815,5000000,5000000,40131446,0,0,210840,3,73524.90276786876,40939366,69.44,69.46,68.004170176,1.356454,74,1.356478366,0
oracle,random,100,1,35838708,91569484116309,69.466663,0.000491,659,0.000492499,0.096893277,5000000,5000000,40131446,0,0,210800,4,71974.77618990299,40939366,70.95,70.95,69.468781491,1.367549,74,1.367570522,0
oracle,random,100,1,35838708,91569484116309,67.975122,0.000493,659,0.000494147,0.082750309,5000000,5000000,40131446,0,0,210832,5,73544.70151563692,40939366,69.41999999999999,69.44,67.985862978,1.355394,74,1.355493912,0
astra_single_core,random,100,1,35699587,90997955748331,1.013958,7e-06,557,8.005e-06,0.079483483,5000000,5000000,40000554,0,0,210832,1,4930989.436945869,40800143,1.1300000000000001,1.13,1.013995277,0.020346,64,0.02034784,0
astra_single_core,random,100,1,35699587,90997955748331,1.011162,6e-06,557,7.641e-06,0.092489381,5000000,5000000,40000554,0,0,210832,2,4944750.673897571,40800143,1.1400000000000001,1.14,1.011173329,0.020209,64,0.02021102,0
astra_single_core,random,100,1,35699587,90997955748331,1.005543,7e-06,557,7.828e-06,0.092324289,5000000,5000000,40000554,0,0,210796,3,4972255.643873876,40800143,1.1300000000000001,1.13,1.005579833,0.020022,64,0.020024632,0
astra_single_core,random,100,1,35699587,90997955748331,1.01237,7e-06,557,7.849e-06,0.089489497,5000000,5000000,40000554,0,0,210800,4,4938834.7345330985,40800143,1.1400000000000001,1.14,1.012384554,0.020279,64,0.020281928,0
astra_single_core,random,100,1,35699587,90997955748331,1.036365,7e-06,557,7.761e-06,0.084813121,5000000,5000000,40000554,0,0,210804,5,4824422.802919984,40800143,1.1500000000000001,1.16,1.03639341,0.02055,64,0.020552222,0
deepseek_single_core,random,100,1,37873946,96541041136984,1.470462,7e-06,550,8.371e-06,0.079808194,5000000,5000000,42132248,0,0,210832,1,3400219.7334879073,42974495,1.58,1.59,1.470493201,0.029513,64,0.029515284,0
deepseek_single_core,random,100,1,37873946,96541041136984,1.477933,8e-06,550,8.897e-06,0.084264486,5000000,5000000,42132248,0,0,210828,2,3383007.0429017097,42974495,1.6,1.61,1.477975049,0.029732,64,0.029743546,0
deepseek_single_core,random,100,1,37873946,96541041136984,1.469683,7e-06,550,8.157e-06,0.08485663,5000000,5000000,42132248,0,0,210800,3,3402018.573295906,42974495,1.6,1.6,1.469715668,0.029686,64,0.029689187,0
deepseek_single_core,random,100,1,37873946,96541041136984,1.47136,7e-06,550,8.243e-06,0.085511453,5000000,5000000,42132248,0,0,210840,4,3398138.9536085026,42974495,1.6,1.6,1.471393627,0.029718,64,0.029720052,0
deepseek_single_core,random,100,1,37873946,96541041136984,1.467471,7e-06,550,7.704e-06,0.082009986,5000000,5000000,42132248,0,0,210832,5,3407128.5997017226,42974495,1.59,1.6,1.467511382,0.029763,64,0.029765241,0
astra_multicore,random,100,1,35699587,90997955748331,1.049312,7e-06,557,7.486e-06,0.081975534,5000000,5000000,40000554,0,0,210832,1,4764848.903048588,40800143,1.1600000000000001,1.17,1.049351218,0.020565,64,0.020566836,0
astra_multicore,random,100,1,35699587,90997955748331,1.064648,7e-06,557,7.613e-06,0.082602579,5000000,5000000,40000554,0,0,210788,2,4696226.901591548,40800143,1.1800000000000002,1.18,1.064684502,0.021045,64,0.021046308,0
astra_multicore,random,100,1,35699587,90997955748331,1.061261,6e-06,557,7.093e-06,0.087275377,5000000,5000000,40000554,0,0,210840,3,4711247.201998531,40800143,1.1800000000000002,1.18,1.061290097,0.020748,64,0.020757654,0
astra_multicore,random,100,1,35699587,90997955748331,1.058228,6e-06,557,7.465e-06,0.084957576,5000000,5000000,40000554,0,0,210812,4,4724764.129049463,40800143,1.1700000000000002,1.18,1.058253886,0.020867,64,0.020869392,0
astra_multicore,random,100,1,35699587,90997955748331,1.051073,7e-06,557,8.066e-06,0.086445492,5000000,5000000,40000554,0,0,210780,5,4757019.7466135,40800143,1.1700000000000002,1.17,1.051078252,0.020636,64,0.020638046,0
deepseek_multicore,random,100,1,37873946,96541041136984,1.542822,7e-06,550,8.617e-06,0.081917156,5000000,5000000,42132248,0,0,210832,1,3240687.298806547,42974495,1.6600000000000001,1.67,1.542882586,0.031004,64,0.031007248,0
deepseek_multicore,random,100,1,37873946,96541041136984,1.540899,7e-06,550,8.045e-06,0.084110236,5000000,5000000,42132248,0,0,210840,2,3244819.9303630884,42974495,1.6700000000000002,1.67,1.540917557,0.031116,64,0.03111899,0
deepseek_multicore,random,100,1,37873946,96541041136984,1.53196,7e-06,550,7.766e-06,0.082166539,5000000,5000000,42132248,0,0,210840,3,3263641.299858226,42974495,1.6500000000000001,1.66,1.532031109,0.030931,64,0.030933082,0
deepseek_multicore,random,100,1,37873946,96541041136984,1.537878,7e-06,550,8.313e-06,0.084753235,5000000,5000000,42132248,0,0,210808,4,3251081.0647557336,42974495,1.6700000000000002,1.67,1.537949962,0.031214,64,0.031216467,0
deepseek_multicore,random,100,1,37873946,96541041136984,1.539324,7e-06,550,8.135e-06,0.084933724,5000000,5000000,42132248,0,0,210812,5,3248048.874467168,42974495,1.6600000000000001,1.67,1.539385703,0.031015,64,0.031023108,0
fixedlat,random,100,1,0,0,2.675836,1.291237,35700036,1.291317771,0.081737516,5000000,5000000,40700036,0,0,1739440,1,1868505.604240997,40800035,2.9299999999999997,2.94,2.675935244,0.020314,87505,0.020316145,0
fixedlat,random,100,1,0,0,2.706155,1.265615,35700036,1.265688456,0.084023787,5000000,5000000,40700036,0,0,1739448,2,1847567.9937973092,40800035,2.97,2.97,2.706260347,0.020197,87505,0.020199889,0
fixedlat,random,100,1,0,0,2.682738,1.283215,35700036,1.28323049,0.087770698,5000000,5000000,40700036,0,0,1739440,3,1863720.9407158582,40800035,2.96,2.96,2.682805076,0.020125,87505,0.020129432,0
fixedlat,random,100,1,0,0,2.650673,1.267904,35700036,1.267918651,0.085234628,5000000,5000000,40700036,0,0,1739480,4,1886249.7922890023,40800035,2.91,2.92,2.650762386,0.020414,87505,0.020416036,0
fixedlat,random,100,1,0,0,2.648821,1.269939,35700036,1.269969876,0.086487227,5000000,5000000,40700036,0,0,1739436,5,1887571.8141372558,40800035,2.91,2.92,2.648905839,0.020332,87505,0.020334295,0
md1,random,100,1,0,0,0.808413,5.2e-05,441,5.3381e-05,0.094923371,5000000,5000000,5000441,0,0,210836,1,6184682.225844472,5100440,0.9299999999999999,0.94,0.808448974,0.016265,441,0.016267541,0
md1,random,100,1,0,0,0.800292,5e-05,441,5.1713e-05,0.08487307,5000000,5000000,5000441,0,0,210840,2,6247579.593951609,5100440,0.9199999999999999,0.92,0.800309932,0.016368,441,0.016375357,0
md1,random,100,1,0,0,0.807929,5.1e-05,441,5.1993e-05,0.102870501,5000000,5000000,5000441,0,0,210792,3,6188159.800781255,5100440,0.94,0.94,0.807994648,0.016779,441,0.016782111,0
md1,random,100,1,0,0,0.812144,5e-05,441,5.1568e-05,0.089345301,5000000,5000000,5000441,0,0,210840,4,6156320.001898707,5100440,0.9299999999999999,0.93,0.812173506,0.016665,441,0.016667878,0
md1,random,100,1,0,0,0.809425,5.1e-05,441,5.1669e-05,0.085954875,5000000,5000000,5000441,0,0,210784,5,6176970.152876515,5100440,0.9199999999999999,0.93,0.809458339,0.016605,441,0.016608188,0
wmg1,random,100,1,0,0,1.474605,0.000476,3242,0.000477911,0.099002573,5000000,5000000,5003242,0,0,210780,1,3390647.668355115,5103241,1.62,1.62,1.474644519,0.029693,3242,0.029697165,0
wmg1,random,100,1,0,0,1.480725,0.000468,3242,0.000467953,0.081779482,5000000,5000000,5003242,0,0,210840,2,3376632.319524444,5103241,1.61,1.61,1.480765309,0.029837,3242,0.029839835,0
wmg1,random,100,1,0,0,1.488029,0.000473,3242,0.000473484,0.082758783,5000000,5000000,5003242,0,0,210840,3,3360079.4921692517,5103241,1.61,1.62,1.488060033,0.029781,3242,0.029783633,0
wmg1,random,100,1,0,0,1.475978,0.000478,3242,0.000479509,0.08658415,5000000,5000000,5003242,0,0,210812,4,3387466.747957377,5103241,1.6,1.61,1.476029249,0.029513,3242,0.029514447,0
wmg1,random,100,1,0,0,1.477385,0.000475,3242,0.000475365,0.08538688,5000000,5000000,5003242,0,0,210840,5,3384320.465349804,5103241,1.61,1.61,1.477401461,0.02969,3242,0.029699642,0
mess,random,100,1,0,0,1.260082,0.011143,52521,0.011143978,0.095721013,5000000,5000000,5052521,0,0,210808,1,3967893.100972921,5152520,1.3900000000000001,1.39,1.260114593,0.018175,1299,0.018178539,0
mess,random,100,1,0,0,1.246045,0.011194,52521,0.01119456,0.084736696,5000000,5000000,5052521,0,0,210840,2,4012584.2216951367,5152520,1.36,1.37,1.246079764,0.018072,1299,0.018090794,0
mess,random,100,1,0,0,1.241051,0.011148,52521,0.011148038,0.081208152,5000000,5000000,5052521,0,0,210840,3,4028722.048676067,5152520,1.35,1.36,1.24108835,0.018089,1299,0.01811218,0
mess,random,100,1,0,0,1.24252,0.011158,52521,0.011158947,0.084267294,5000000,5000000,5052521,0,0,210840,4,4024004.59743491,5152520,1.36,1.36,1.242543312,0.018061,1299,0.018063743,0
mess,random,100,1,0,0,1.241637,0.011173,52521,0.01117367,0.087310969,5000000,5000000,5052521,0,0,210788,5,4026855.6868860307,5152520,1.36,1.37,1.241663568,0.018063,1299,0.01806601,0
oracle,random,75,256,0,0,39.231905,5e-06,68,7.191e-06,0.080259485,3749323,3749323,1280000068,1250677,1250677,210800,1,127441.67885157182,1305599812,40.1,40.11,39.233632553,0.783896,1,0.783915455,0
oracle,random,75,256,0,0,39.197126,5e-06,68,6.621e-06,0.081135599,3749323,3749323,1280000068,1250677,1250677,210812,2,127555.5678813011,1305599812,40.07,40.08,39.198602484,0.784342,1,0.78436034,0
oracle,random,75,256,0,0,38.245171,4e-06,68,6.002e-06,0.085417838,3749323,3749323,1280000068,1250677,1250677,210840,3,130730.25915863455,1305599812,39.1,39.11,38.246692328,0.765611,1,0.765631172,0
oracle,random,75,256,0,0,39.141764,4e-06,68,6.401e-06,0.080856689,3749323,3749323,1280000068,1250677,1250677,210840,4,127722.86872595067,1305599812,40.02,40.03,39.14725726,0.782721,1,0.782757353,0
oracle,random,75,256,0,0,39.15461,5e-06,68,7.146e-06,0.082922824,3749323,3749323,1280000068,1250677,1250677,210788,5,127693.06385959263,1305599812,40.03,40.04,39.15639463,0.783301,1,0.783320042,0
astra_single_core,random,75,256,0,0,0.850057,1e-06,110,1.61e-06,0.09394207,3749323,3749323,1280000110,1250677,1250677,210812,1,5881833.769009191,1305599854,0.98,0.98,0.850075027,0.017488,1,0.017497156,0
astra_single_core,random,75,256,0,0,0.853621,1e-06,110,1.742e-06,0.088653768,3749323,3749323,1280000110,1250677,1250677,210840,2,5857261.219673483,1305599854,0.97,0.97,0.853641286,0.017316,1,0.017319688,0
astra_single_core,random,75,256,0,0,0.8489,1e-06,110,1.895e-06,0.091671421,3749323,3749323,1280000110,1250677,1250677,210840,3,5889876.815334983,1305599854,0.97,0.97,0.848914189,0.017232,1,0.017240991,0
astra_single_core,random,75,256,0,0,0.857729,1e-06,110,2.4e-06,0.082614876,3749323,3749323,1280000110,1250677,1250677,210816,4,5829197.796326801,1305599854,0.97,0.97,0.857750959,0.017467,1,0.01747017,0
astra_single_core,random,75,256,0,0,0.855098,1e-06,110,2.214e-06,0.093657773,3749323,3749323,1280000110,1250677,1250677,210840,5,5847206.989663294,1305599854,0.97,0.98,0.855109116,0.017469,1,0.017478734,0
deepseek_single_core,random,75,256,0,0,1.144042,1e-06,8,1.777e-06,0.082600333,3749323,3749323,1280000008,1250677,1250677,210832,1,4370342.585998313,1305599752,1.26,1.26,1.14407507,0.023011,1,0.023013962,0
deepseek_single_core,random,75,256,0,0,1.141956,1e-06,8,3.645e-06,0.087456946,3749323,3749323,1280000008,1250677,1250677,210832,2,4378370.486566745,1305599752,1.26,1.27,1.141977367,0.02329,1,0.023291994,0
deepseek_single_core,random,75,256,0,0,1.14327,1e-06,8,1.807e-06,0.08331403,3749323,3749323,1280000008,1250677,1250677,210804,3,4373291.994411737,1305599752,1.26,1.27,1.14330349,0.023172,1,0.023174739,0
deepseek_single_core,random,75,256,0,0,1.142653,1e-06,8,2.014e-06,0.083265452,3749323,3749323,1280000008,1250677,1250677,210832,4,4375685.632198277,1305599752,1.26,1.26,1.142678067,0.023079,1,0.023081655,0
deepseek_single_core,random,75,256,0,0,1.141566,1e-06,8,2.021e-06,0.094558389,3749323,3749323,1280000008,1250677,1250677,210804,5,4379697.726191806,1305599752,1.27,1.28,1.141631298,0.023164,1,0.023166937,0
astra_multicore,random,75,256,0,0,0.859391,0.0,110,1.607e-06,0.080471026,3749323,3749323,1280000110,1250677,1250677,210840,1,5817930.530972569,1305599854,0.97,0.97,0.859412118,0.017578,1,0.017581048,0
astra_multicore,random,75,256,0,0,0.856545,1e-06,110,1.889e-06,0.084246943,3749323,3749323,1280000110,1250677,1250677,210840,2,5837160.259265271,1305599854,0.97,0.97,0.856580902,0.017522,1,0.017525064,0
astra_multicore,random,75,256,0,0,0.853528,1e-06,110,1.814e-06,0.085005153,3749323,3749323,1280000110,1250677,1250677,210804,3,5857905.407133963,1305599854,0.96,0.97,0.853547412,0.017127,1,0.017129726,0
astra_multicore,random,75,256,0,0,0.856539,1e-06,110,1.829e-06,0.083409936,3749323,3749323,1280000110,1250677,1250677,210840,4,5837303.660058625,1305599854,0.97,0.97,0.856559859,0.016994,1,0.016998158,0
astra_multicore,random,75,256,0,0,0.854293,0.0,110,2.326e-06,0.088061765,3749323,3749323,1280000110,1250677,1250677,210784,5,5852588.863772101,1305599854,0.97,0.98,0.854322782,0.01746,1,0.017462293,0
deepseek_multicore,random,75,256,0,0,1.211512,1e-06,8,2.382e-06,0.083794737,3749323,3749323,1280000008,1250677,1250677,210836,1,4126975.875128619,1305599752,1.33,1.33,1.211540884,0.024545,1,0.024547654,0
deepseek_multicore,random,75,256,0,0,1.211857,1e-06,8,1.821e-06,0.086767423,3749323,3749323,1280000008,1250677,1250677,210840,2,4125789.5233574137,1305599752,1.33,1.34,1.211889257,0.024599,1,0.024601216,0
deepseek_multicore,random,75,256,0,0,1.209891,1e-06,8,2.333e-06,0.084596331,3749323,3749323,1280000008,1250677,1250677,210804,3,4132507.8185022995,1305599752,1.33,1.33,1.209919066,0.024417,1,0.024420276,0
deepseek_multicore,random,75,256,0,0,1.209943,1e-06,8,1.882e-06,0.085215371,3749323,3749323,1280000008,1250677,1250677,210796,4,4132312.3094864557,1305599752,1.33,1.34,1.20997631,0.024651,1,0.024653068,0
deepseek_multicore,random,75,256,0,0,1.210271,1e-06,8,2.073e-06,0.081811627,3749323,3749323,1280000008,1250677,1250677,210804,5,4131156.6214013086,1305599752,1.33,1.33,1.2103148,0.024358,1,0.024360826,0
fixedlat,random,75,256,0,0,0.490214,1e-06,0,1.334e-06,0.090127176,3749323,3749323,1280000000,1250677,1250677,210840,1,10199254.741679935,1305599744,0.6,0.6,0.490231897,0.010115,1,0.010117688,0
fixedlat,random,75,256,0,0,0.489698,1e-06,0,1.806e-06,0.085018652,3749323,3749323,1280000000,1250677,1250677,210792,2,10210234.966197332,1305599744,0.5900000000000001,0.6,0.489704695,0.0101,1,0.010102633,0
fixedlat,random,75,256,0,0,0.488637,1e-06,0,1.119e-06,0.085808758,3749323,3749323,1280000000,1250677,1250677,210840,3,10232316.038178204,1305599744,0.5900000000000001,0.6,0.488647925,0.010114,1,0.010115864,0
fixedlat,random,75,256,0,0,0.489278,1e-06,0,1.358e-06,0.083125936,3749323,3749323,1280000000,1250677,1250677,210788,4,10219010.501674464,1305599744,0.5900000000000001,0.6,0.489284163,0.010143,1,0.010145421,0
fixedlat,random,75,256,0,0,0.49024,1e-06,0,1.394e-06,0.087076341,3749323,3749323,1280000000,1250677,1250677,210804,5,10198947.524097787,1305599744,0.6000000000000001,0.6,0.490246664,0.009972,1,0.009975752,0
md1,random,75,256,0,0,0.489033,1e-06,0,2.123e-06,0.087958109,3749323,3749323,1280000000,1250677,1250677,210780,1,10223777.00879071,1305599744,0.6,0.6,0.48905605,0.009794,1,0.009796862,0
md1,random,75,256,0,0,0.489596,1e-06,0,1.441e-06,0.084822777,3749323,3749323,1280000000,1250677,1250677,210840,2,10211695.410230344,1305599744,0.6000000000000001,0.6,0.489634659,0.010145,1,0.010147739,0
md1,random,75,256,0,0,0.489569,1e-06,0,1.436e-06,0.086687643,3749323,3749323,1280000000,1250677,1250677,210840,3,10212948.618857715,1305599744,0.5900000000000001,0.6,0.489574577,0.010059,1,0.010061035,0
md1,random,75,256,0,0,0.48951,1e-06,0,1.875e-06,0.083942448,3749323,3749323,1280000000,1250677,1250677,210832,4,10214101.269941887,1305599744,0.5900000000000001,0.6,0.489519329,0.010125,1,0.010126857,0
md1,random,75,256,0,0,0.489865,0.0,0,1.51e-06,0.082963374,3749323,3749323,1280000000,1250677,1250677,210840,5,10206583.391220821,1305599744,0.5900000000000001,0.6,0.489879895,0.010114,1,0.010116742,0
wmg1,random,75,256,0,0,0.763661,1e-06,0,2.067e-06,0.087648326,3749323,3749323,1280000000,1250677,1250677,210796,1,6547049.882955116,1305599744,0.8700000000000001,0.88,0.76370275,0.015594,1,0.015596899,0
wmg1,random,75,256,0,0,0.757251,1e-06,0,1.634e-06,0.081022941,3749323,3749323,1280000000,1250677,1250677,210780,2,6602699.493879975,1305599744,0.8700000000000001,0.87,0.757266025,0.015362,1,0.015364785,0
wmg1,random,75,256,0,0,0.75452,1e-06,0,1.288e-06,0.080642577,3749323,3749323,1280000000,1250677,1250677,210800,3,6626578.051806278,1305599744,0.8500000000000001,0.86,0.754537253,0.015255,1,0.015257209,0
wmg1,random,75,256,0,0,0.759759,1e-06,0,2.116e-06,0.086411717,3749323,3749323,1280000000,1250677,1250677,210808,4,6580842.321967663,1305599744,0.8700000000000001,0.88,0.759781158,0.015905,1,0.015915508,0
wmg1,random,75,256,0,0,0.764861,1e-06,0,1.603e-06,0.082520042,3749323,3749323,1280000000,1250677,1250677,210832,5,6536878.102433397,1305599744,0.8700000000000001,0.88,0.764891118,0.015636,1,0.015638646,0
mess,random,75,256,0,0,0.517704,1e-06,0,2.036e-06,0.083230809,3749323,3749323,1280000000,1250677,1250677,210840,1,9657890.048139812,1305599744,0.6200000000000001,0.63,0.517711423,0.01036,1,0.010362417,0
mess,random,75,256,0,0,0.519213,1e-06,0,1.667e-06,0.085074982,3749323,3749323,1280000000,1250677,1250677,210832,2,9629727.96555836,1305599744,0.6300000000000001,0.63,0.519225467,0.010762,1,0.010764952,0
mess,random,75,256,0,0,0.5186,1e-06,0,1.444e-06,0.080102091,3749323,3749323,1280000000,1250677,1250677,210840,3,9641040.741169738,1305599744,0.6100000000000001,0.62,0.518616209,0.010581,1,0.010582666,0
mess,random,75,256,0,0,0.519105,0.0,0,1.502e-06,0.082127236,3749323,3749323,1280000000,1250677,1250677,210792,4,9631472.526998023,1305599744,0.6200000000000001,0.63,0.519131419,0.010435,1,0.010437982,0
mess,random,75,256,0,0,0.518168,0.0,0,1.649e-06,0.085135326,3749323,3749323,1280000000,1250677,1250677,210836,5,9649078.492354952,1305599744,0.6200000000000001,0.63,0.518184198,0.010409,1,0.010410778,0
oracle,streaming,100,16,0,0,3.616358,3e-06,43,3.646e-06,0.087372825,5000000,5000000,80000043,0,0,210840,1,1382528.814317842,81600027,3.78,3.79,3.616561151,0.072778,3,0.072788888,0
oracle,streaming,100,16,0,0,3.638047,2e-06,43,4.236e-06,0.083649912,5000000,5000000,80000043,0,0,210840,2,1374293.5863665973,81600027,3.8,3.81,3.638232798,0.073224,3,0.073233741,0
oracle,streaming,100,16,0,0,3.636574,3e-06,43,4.46e-06,0.084520448,5000000,5000000,80000043,0,0,210832,3,1374896.6111433387,81600027,3.81,3.81,3.636637082,0.073634,3,0.073636016,0
oracle,streaming,100,16,0,0,3.631036,2e-06,43,3.236e-06,0.083809411,5000000,5000000,80000043,0,0,210840,4,1376990.7926315423,81600027,3.8000000000000003,3.81,3.631106342,0.073954,3,0.073961533,0
oracle,streaming,100,16,0,0,3.617223,3e-06,43,4.359e-06,0.084046532,5000000,5000000,80000043,0,0,210840,5,1382231.5602518222,81600027,3.79,3.79,3.617338906,0.072825,3,0.072827012,0
astra_single_core,streaming,100,16,0,0,0.90075,2e-06,43,2.285e-06,0.089021104,5000000,5000000,80000043,0,0,210840,1,5550732.277580353,81600027,1.02,1.02,0.90078205,0.018453,3,0.01846442,0
astra_single_core,streaming,100,16,0,0,0.901026,1e-06,43,2.223e-06,0.089920738,5000000,5000000,80000043,0,0,210788,2,5549180.077901032,81600027,1.02,1.02,0.901034014,0.018193,3,0.018195909,0
astra_single_core,streaming,100,16,0,0,0.899766,1e-06,43,2.451e-06,0.082970335,5000000,5000000,80000043,0,0,210840,3,5556908.094637105,81600027,1.01,1.02,0.899780942,0.018514,3,0.018523493,0
astra_single_core,streaming,100,16,0,0,0.900828,1e-06,43,2.325e-06,0.093683105,5000000,5000000,80000043,0,0,210840,4,5549838.968591909,81600027,1.02,1.03,0.900927041,0.01832,3,0.018322676,0
astra_single_core,streaming,100,16,0,0,0.901303,1e-06,43,1.92e-06,0.091738164,5000000,5000000,80000043,0,0,210840,5,5547408.957441406,81600027,1.02,1.03,0.901321687,0.018345,3,0.018347691,0
deepseek_single_core,streaming,100,16,0,0,1.207883,1e-06,43,2.9e-06,0.085030831,5000000,5000000,80000043,0,0,210840,1,4139401.0288532586,81600027,1.33,1.33,1.207904227,0.024343,3,0.02434623,0
deepseek_single_core,streaming,100,16,0,0,1.206119,1e-06,43,2.39e-06,0.085041608,5000000,5000000,80000043,0,0,210840,2,4145392.7666209224,81600027,1.33,1.33,1.206158326,0.024491,3,0.024493424,0
deepseek_single_core,streaming,100,16,0,0,1.22279,2e-06,43,2.998e-06,0.081796299,5000000,5000000,80000043,0,0,210840,3,4088893.0818761024,81600027,1.34,1.35,1.222824833,0.025029,3,0.025032199,0
deepseek_single_core,streaming,100,16,0,0,1.208186,2e-06,43,2.318e-06,0.095478421,5000000,5000000,80000043,0,0,210840,4,4138266.139288016,81600027,1.34,1.34,1.208235486,0.024542,3,0.02455016,0
deepseek_single_core,streaming,100,16,0,0,1.209004,1e-06,43,2.928e-06,0.085427272,5000000,5000000,80000043,0,0,210804,5,4135582.29982223,81600027,1.33,1.34,1.209019586,0.024428,3,0.024430985,0
astra_multicore,streaming,100,16,0,0,0.902798,2e-06,43,2.229e-06,0.085153547,5000000,5000000,80000043,0,0,210804,1,5538165.101784275,81600027,1.01,1.02,0.9028261,0.018253,3,0.018255396,0
astra_multicore,streaming,100,16,0,0,0.903532,1e-06,43,1.943e-06,0.087327507,5000000,5000000,80000043,0,0,210796,2,5533744.118653744,81600027,1.02,1.02,0.90354738,0.018556,3,0.018558785,0
astra_multicore,streaming,100,16,0,0,0.899688,1e-06,43,2.442e-06,0.086247689,5000000,5000000,80000043,0,0,210840,3,5557481.266039092,81600027,1.02,1.02,0.899688143,0.018335,3,0.018336601,0
astra_multicore,streaming,100,16,0,0,0.901559,1e-06,43,2.362e-06,0.082971722,5000000,5000000,80000043,0,0,210804,4,5545742.819619537,81600027,1.02,1.02,0.901592476,0.018432,3,0.018440209,0
astra_multicore,streaming,100,16,0,0,1.225334,1e-06,43,2.759e-06,0.082150139,5000000,5000000,80000043,0,0,210836,5,4080433.1522769523,81600027,1.34,1.35,1.225360106,0.024733,3,0.024734962,0
deepseek_multicore,streaming,100,16,0,0,1.293348,1e-06,43,2.412e-06,0.080338533,5000000,5000000,80000043,0,0,210804,1,3865786.642089088,81600027,1.4100000000000001,1.41,1.293397816,0.026285,3,0.026286769,0
deepseek_multicore,streaming,100,16,0,0,1.294512,1e-06,43,3.32e-06,0.098786611,5000000,5000000,80000043,0,0,210832,2,3862396.748643069,81600027,1.4300000000000002,1.44,1.294532987,0.026053,3,0.026061902,0
deepseek_multicore,streaming,100,16,0,0,1.294756,1e-06,43,2.56e-06,0.086009368,5000000,5000000,80000043,0,0,210840,3,3861526.207715761,81600027,1.4100000000000001,1.42,1.294824826,0.026387,3,0.026410391,0
deepseek_multicore,streaming,100,16,0,0,1.294315,1e-06,43,2.818e-06,0.081017795,5000000,5000000,80000043,0,0,210840,4,3862988.196007582,81600027,1.4100000000000001,1.42,1.294334786,0.026283,3,0.026290988,0
deepseek_multicore,streaming,100,16,0,0,1.302523,1e-06,43,2.793e-06,0.084392439,5000000,5000000,80000043,0,0,210840,5,3838599.741705844,81600027,1.4300000000000002,1.43,1.302558312,0.026329,3,0.026332307,0
fixedlat,streaming,100,16,0,0,0.624834,1e-06,43,1.826e-06,0.083573091,5000000,5000000,80000043,0,0,210812,1,8001931.909621713,81600027,0.73,0.74,0.624849106,0.012583,3,0.012586138,0
fixedlat,streaming,100,16,0,0,0.622947,1e-06,43,1.683e-06,0.084234054,5000000,5000000,80000043,0,0,210840,2,8026238.19644957,81600027,0.72,0.73,0.622956842,0.012786,3,0.012789273,0
fixedlat,streaming,100,16,0,0,0.677672,1e-06,43,1.592e-06,0.080981131,5000000,5000000,80000043,0,0,210836,3,7377597.563201953,81600027,0.78,0.79,0.677727398,0.013857,3,0.01385961,0
fixedlat,streaming,100,16,0,0,0.621034,1e-06,43,2.196e-06,0.087259526,5000000,5000000,80000043,0,0,210804,4,8050825.375850569,81600027,0.73,0.74,0.621054335,0.012631,3,0.012633388,0
fixedlat,streaming,100,16,0,0,0.622911,1e-06,43,1.813e-06,0.083343755,5000000,5000000,80000043,0,0,210832,5,8026605.977049383,81600027,0.73,0.73,0.622928298,0.012641,3,0.012643194,0
md1,streaming,100,16,0,0,0.583671,2e-06,64,2.592e-06,0.084190426,5000000,5000000,80000064,0,0,210792,1,8566032.59254449,81600048,0.69,0.7,0.583700791,0.012116,4,0.012118434,0
md1,streaming,100,16,0,0,0.582059,2e-06,64,2.614e-06,0.081612672,5000000,5000000,80000064,0,0,210800,2,8589916.516216284,81600048,0.6799999999999999,0.69,0.582077834,0.012332,4,0.012334677,0
md1,streaming,100,16,0,0,0.642208,2e-06,64,2.109e-06,0.081162292,5000000,5000000,80000064,0,0,210800,3,7785391.897974345,81600048,0.74,0.75,0.642228428,0.013107,4,0.013109083,0
md1,streaming,100,16,0,0,0.584811,2e-06,64,2.202e-06,0.082828774,5000000,5000000,80000064,0,0,210832,4,8549767.4327317,81600048,0.69,0.69,0.584811229,0.0124,4,0.012402895,0
md1,streaming,100,16,0,0,0.5803,1e-06,64,1.932e-06,0.081355949,5000000,5000000,80000064,0,0,210840,5,8615729.416345658,81600048,0.69,0.69,0.580333917,0.012177,4,0.01218067,0
wmg1,streaming,100,16,0,0,0.993462,1e-06,46,2.715e-06,0.084698997,5000000,5000000,80000046,0,0,210832,1,5032699.304447035,81600030,1.11,1.11,0.993502631,0.020223,3,0.020225536,0
wmg1,streaming,100,16,0,0,1.000334,1e-06,46,1.955e-06,0.083055687,5000000,5000000,80000046,0,0,210840,2,4998227.448610535,81600030,1.12,1.12,1.000354636,0.020282,3,0.020284777,0
wmg1,streaming,100,16,0,0,0.989121,1e-06,46,1.835e-06,0.084039857,5000000,5000000,80000046,0,0,210840,3,5054840.525953366,81600030,1.1,1.11,0.989150889,0.019753,3,0.019754738,0
wmg1,streaming,100,16,0,0,0.988046,1e-06,46,2.247e-06,0.086358777,5000000,5000000,80000046,0,0,210840,4,5060324.6001688,81600030,1.1,1.11,0.988078907,0.019941,3,0.01994408,0
wmg1,streaming,100,16,0,0,0.987918,2e-06,46,1.961e-06,0.082163989,5000000,5000000,80000046,0,0,210832,5,5060966.323500085,81600030,1.1,1.11,0.98795362,0.020026,3,0.020028559,0
mess,streaming,100,16,0,0,0.731908,3e-06,115,3.653e-06,0.082080159,5000000,5000000,80000115,0,0,210804,1,6831235.548563892,81600099,0.8400000000000001,0.84,0.731932015,0.014723,8,0.014725046,0
mess,streaming,100,16,0,0,0.731293,2e-06,115,2.172e-06,0.082461327,5000000,5000000,80000115,0,0,210840,2,6836956.090282612,81600099,0.8300000000000001,0.84,0.731319601,0.014568,8,0.014570376,0
mess,streaming,100,16,0,0,0.730439,2e-06,115,2.794e-06,0.081875379,5000000,5000000,80000115,0,0,210840,3,6844980.508028156,81600099,0.8300000000000001,0.84,0.73046227,0.014586,8,0.014588136,0
mess,streaming,100,16,0,0,0.732084,2e-06,115,2.862e-06,0.085596386,5000000,5000000,80000115,0,0,210832,4,6829568.792377193,81600099,0.8400000000000001,0.85,0.732110643,0.014574,8,0.014576564,0
mess,streaming,100,16,0,0,0.73282,2e-06,115,3.101e-06,0.080827851,5000000,5000000,80000115,0,0,210836,5,6822817.656068972,81600099,0.8400000000000001,0.84,0.732835062,0.014428,8,0.01443013,0
oracle,streaming,50,1,40917829,104306413563767,65.624134,0.000604,838,0.000606054,0.076435784,2498354,2498354,45116450,2501646,2501646,210768,1,76184.5563863385,46018664,67.02,67.03,65.63009929,1.309566,69,1.309592271,36
oracle,streaming,50,1,40917829,104306413563767,65.803284,0.000619,838,0.000620991,0.077036416,2498354,2498354,45116450,2501646,2501646,210804,2,75975.70863732048,46018664,67.19999999999999,67.21,65.810508249,1.305534,69,1.305552545,36
oracle,streaming,50,1,40917829,104306413563767,65.325552,0.000615,838,0.000615714,0.080305833,2498354,2498354,45116450,2501646,2501646,210784,3,76531.76856807487,46018664,66.72,66.74,65.332346208,1.305624,69,1.305658801,36
oracle,streaming,50,1,40917829,104306413563767,65.321398,0.000604,838,0.000606365,0.078963952,2498354,2498354,45116450,2501646,2501646,210804,4,76535.3313384549,46018664,66.72,66.73,65.329304944,1.305004,69,1.305025958,36
oracle,streaming,50,1,40917829,104306413563767,65.336354,0.000614,838,0.000615597,0.077958339,2498354,2498354,45116450,2501646,2501646,210840,5,76518.15759285951,46018664,66.72999999999999,66.75,65.343967462,1.306553,69,1.306710058,36
astra_single_core,streaming,50,1,43779432,111599103333921,1.107154,1.3e-05,1202,1.4396e-05,0.088271982,2498354,2498354,47922979,2501646,2501646,210840,1,4515945.620185889,48880633,1.23,1.23,1.107187823,0.022456,64,0.02245874,53
astra_single_core,streaming,50,1,43779432,111599103333921,1.104763,1.3e-05,1202,1.4666e-05,0.085166081,2498354,2498354,47922979,2501646,2501646,210840,2,4525700.287469857,48880633,1.23,1.23,1.104801397,0.022267,64,0.022269098,53
astra_single_core,streaming,50,1,43779432,111599103333921,1.105252,1.3e-05,1202,1.4547e-05,0.087672081,2498354,2498354,47922979,2501646,2501646,210832,3,4523636.491482556,48880633,1.22,1.23,1.105305435,0.022443,64,0.022446411,53
astra_single_core,streaming,50,1,43779432,111599103333921,1.111055,1.3e-05,1202,1.5009e-05,0.097916117,2498354,2498354,47922979,2501646,2501646,210796,4,4500036.807151057,48880633,1.25,1.25,1.111102023,0.022618,64,0.022620529,53
astra_single_core,streaming,50,1,43779432,111599103333921,1.104143,1.4e-05,1202,1.4497e-05,0.091908915,2498354,2498354,47922979,2501646,2501646,210832,5,4528318.638495576,48880633,1.23,1.23,1.104162582,0.022235,64,0.022237509,53
deepseek_single_core,streaming,50,1,61215946,156059081854542,2.099902,1.4e-05,1640,1.5203e-05,0.091662363,2498354,2498354,65017916,2501646,2501646,210832,1,2380995.5767473727,66317585,2.24,2.25,2.099961902,0.042402,64,0.042405244,53
deepseek_single_core,streaming,50,1,61215946,156059081854542,2.096882,1.4e-05,1640,1.502e-05,0.080940847,2498354,2498354,65017916,2501646,2501646,210840,2,2384413.2159413965,66317585,2.23,2.24,2.096951974,0.042428,64,0.042435717,53
deepseek_single_core,streaming,50,1,61215946,156059081854542,2.101554,1.3e-05,1640,1.4514e-05,0.088357721,2498354,2498354,65017916,2501646,2501646,210840,3,2379136.598975755,66317585,2.25,2.25,2.101602742,0.042251,64,0.042253998,53
deepseek_single_core,streaming,50,1,61215946,156059081854542,2.104993,1.3e-05,1640,1.5502e-05,0.085774027,2498354,2498354,65017916,2501646,2501646,210840,4,2375254.811991907,66317585,2.25,2.25,2.10503731,0.042566,64,0.042567904,53
deepseek_single_core,streaming,50,1,61215946,156059081854542,2.100509,1.3e-05,1640,1.4583e-05,0.089713457,2498354,2498354,65017916,2501646,2501646,210832,5,2380325.64574381,66317585,2.24,2.25,2.100552926,0.04227,64,0.042277585,53
astra_multicore,streaming,50,1,51859793,132202633437294,1.114818,1.4e-05,1405,1.4557e-05,0.088508148,2498354,2498354,55845023,2501646,2501646,210836,1,4484904.606715872,56961197,1.24,1.24,1.114850914,0.022455,64,0.022457219,53
astra_multicore,streaming,50,1,51859793,132202633437294,1.129088,1.4e-05,1405,1.503e-05,0.086240607,2498354,2498354,55845023,2501646,2501646,210840,2,4428162.453229206,56961197,1.24,1.25,1.129136533,0.023011,64,0.023014383,53
astra_multicore,streaming,50,1,51859793,132202633437294,1.113169,1.4e-05,1405,1.4292e-05,0.089141393,2498354,2498354,55845023,2501646,2501646,210840,3,4491643.940550347,56961197,1.23,1.24,1.113178174,0.022688,64,0.02269635,53
astra_multicore,streaming,50,1,51859793,132202633437294,1.114129,1.3e-05,1405,1.447e-05,0.086074678,2498354,2498354,55845023,2501646,2501646,210840,4,4487495.570258498,56961197,1.24,1.24,1.114207228,0.022581,64,0.022583991,53
astra_multicore,streaming,50,1,51859793,132202633437294,1.111879,1.4e-05,1405,1.468e-05,0.087543145,2498354,2498354,55845023,2501646,2501646,210784,5,4496787.992003265,56961197,1.24,1.24,1.111904766,0.022598,64,0.022600358,53
deepseek_multicore,streaming,50,1,40859565,104163758549160,2.183112,1.4e-05,1129,1.656e-05,0.083093421,2498354,2498354,45056394,2501646,2501646,210840,1,2290250.622551612,45960693,2.32,2.32,2.183167183,0.04404,64,0.04404279,53
deepseek_multicore,streaming,50,1,40859565,104163758549160,2.174827,1.4e-05,1129,1.5165e-05,0.087143479,2498354,2498354,45056394,2501646,2501646,210780,2,2299000.7116147485,45960693,2.32,2.32,2.174857961,0.043788,64,0.043790804,53
deepseek_multicore,streaming,50,1,40859565,104163758549160,2.177354,1.4e-05,1129,1.4696e-05,0.085270256,2498354,2498354,45056394,2501646,2501646,210804,3,2296277.253456137,45960693,2.31,2.32,2.177437412,0.043861,64,0.043863903,53
deepseek_multicore,streaming,50,1,40859565,104163758549160,2.182685,1.3e-05,1129,1.5146e-05,0.086041168,2498354,2498354,45056394,2501646,2501646,210840,4,2290662.9680193015,45960693,2.33,2.33,2.182774188,0.044083,64,0.044084615,53
deepseek_multicore,streaming,50,1,40859565,104163758549160,2.185049,1.3e-05,1129,1.5239e-05,0.083221264,2498354,2498354,45056394,2501646,2501646,210812,5,2288205.7720259693,45960693,2.3299999999999996,2.33,2.185118166,0.044073,64,0.044074265,53
fixedlat,streaming,50,1,0,0,1.424264,0.620702,35700020,0.620725264,0.085806487,2498354,2498354,40700020,2501646,2501646,953048,1,3510509.9968733503,40800019,1.6,1.61,1.424294477,0.012367,43612,0.012369313,0
fixedlat,streaming,50,1,0,0,1.436503,0.628536,35700020,0.628566167,0.083317197,2498354,2498354,40700020,2501646,2501646,953048,2,3480524.169083867,40800019,1.6099999999999999,1.62,1.436565229,0.012911,43612,0.012913545,0
fixedlat,streaming,50,1,0,0,1.439897,0.624461,35700020,0.62446196,0.083165266,2498354,2498354,40700020,2501646,2501646,953044,3,3472374.4617286576,40800019,1.6199999999999999,1.62,1.439936866,0.012845,43612,0.012852851,0
fixedlat,streaming,50,1,0,0,1.41969,0.610417,35700020,0.610441518,0.085801628,2498354,2498354,40700020,2501646,2501646,953004,4,3521776.920264855,40800019,1.6,1.61,1.419737852,0.012745,43612,0.012748801,0
fixedlat,streaming,50,1,0,0,1.424197,0.615954,35700020,0.615962674,0.089223049,2498354,2498354,40700020,2501646,2501646,953044,5,3510688.3961427086,40800019,1.6099999999999999,1.61,1.4242221,0.012819,43612,0.012821405,0
md1,streaming,50,1,0,0,0.561781,2.9e-05,439,3.0514e-05,0.100884236,2498354,2498354,5000439,2501646,2501646,210840,1,8899556.07875136,5100438,0.6799999999999999,0.69,0.561825776,0.011459,222,0.011461632,0
md1,streaming,50,1,0,0,0.56131,2.8e-05,439,2.8839e-05,0.083516929,2498354,2498354,5000439,2501646,2501646,210840,2,8907657.664057529,5100438,0.6599999999999999,0.67,0.561314791,0.011326,222,0.011328574,0
md1,streaming,50,1,0,0,0.559585,2.8e-05,439,2.9255e-05,0.085462712,2498354,2498354,5000439,2501646,2501646,210840,3,8934717.972071193,5100438,0.6599999999999999,0.67,0.559614754,0.011456,222,0.011458846,0
md1,streaming,50,1,0,0,0.557988,2.8e-05,439,2.8933e-05,0.085772764,2498354,2498354,5000439,2501646,2501646,210840,4,8960100.759128587,5100438,0.6599999999999999,0.67,0.558029439,0.011407,222,0.011410153,0
md1,streaming,50,1,0,0,0.562575,2.9e-05,439,2.8924e-05,0.085771871,2498354,2498354,5000439,2501646,2501646,210840,5,8887399.313364508,5100438,0.6699999999999999,0.67,0.562594278,0.011234,222,0.011236078,0
wmg1,streaming,50,1,0,0,1.050008,0.000235,3240,0.000236576,0.094766903,2498354,2498354,5003240,2501646,2501646,210808,1,4761665.186657004,5103239,1.1800000000000002,1.18,1.050052829,0.021218,1616,0.02122504,0
wmg1,streaming,50,1,0,0,1.056106,0.000229,3240,0.000230242,0.080969023,2498354,2498354,5003240,2501646,2501646,210840,2,4734229.27814447,5103239,1.1700000000000002,1.17,1.056138118,0.021385,1616,0.02138701,0
wmg1,streaming,50,1,0,0,1.041502,0.000228,3240,0.000229058,0.083415949,2498354,2498354,5003240,2501646,2501646,210840,3,4800534.526077982,5103239,1.1500000000000001,1.16,1.04155068,0.021073,1616,0.021075737,0
wmg1,streaming,50,1,0,0,1.04455,0.000238,3240,0.000238426,0.085207085,2498354,2498354,5003240,2501646,2501646,210812,4,4786523.062601564,5103239,1.1600000000000001,1.17,1.044599584,0.021078,1616,0.021080948,0
wmg1,streaming,50,1,0,0,1.042785,0.000235,3240,0.000235671,0.084387438,2498354,2498354,5003240,2501646,2501646,210840,5,4794738.65732266,5103239,1.1600000000000001,1.16,1.042809704,0.021031,1616,0.021033755,0
mess,streaming,50,1,0,0,0.862167,0.011535,97225,0.011536338,0.090558179,2498354,2498354,5097225,2501646,2501646,210836,1,5799079.900353807,5197224,0.98,0.98,0.862205744,0.012624,1193,0.012626364,0
mess,streaming,50,1,0,0,0.860365,0.011468,97225,0.011469309,0.082482758,2498354,2498354,5097225,2501646,2501646,210796,2,5811276.611645817,5197224,0.97,0.97,0.860396146,0.012617,1193,0.012619679,0
mess,streaming,50,1,0,0,0.873706,0.011478,97225,0.011478678,0.088710427,2498354,2498354,5097225,2501646,2501646,210784,3,5722564.047377456,5197224,0.99,0.99,0.873734214,0.013018,1193,0.013020151,0
mess,streaming,50,1,0,0,0.858709,0.011484,97225,0.011484516,0.084070703,2498354,2498354,5097225,2501646,2501646,210800,4,5822551.982634905,5197224,0.96,0.97,0.858729989,0.012783,1193,0.012785629,0
mess,streaming,50,1,0,0,0.85396,0.011463,97225,0.01146751,0.08230734,2498354,2498354,5097225,2501646,2501646,210804,5,5854639.57083581,5197224,0.96,0.97,0.854023538,0.012793,1193,0.012794534,0
oracle,random,75,4,24157221,61591540631178,83.994738,0.001078,1701,0.001079088,0.081719039,3749323,3749323,43685259,1250677,1250677,210840,1,59525.86708288421,44558914,85.72999999999999,85.74,83.997096473,1.646294,85,1.646324153,49
oracle,random,75,4,24157221,61591540631178,84.74445,0.001038,1701,0.001040237,0.079019533,3749323,3749323,43685259,1250677,1250677,210840,2,58994.91535435314,44558914,86.48,86.5,84.753066768,1.649015,85,1.649077156,49
oracle,random,75,4,24157221,61591540631178,84.147423,0.001044,1701,0.001045306,0.078777059,3749323,3749323,43685259,1250677,1250677,210840,3,59412.64154354317,44558914,85.91,85.93,84.157173795,1.671489,85,1.671514915,49
oracle,random,75,4,24157221,61591540631178,84.793729,0.001032,1701,0.001033338,0.079661072,3749323,3749323,43685259,1250677,1250677,210840,4,58959.87406504849,44558914,86.53,86.55,84.80343758,1.644433,85,1.644470268,49
oracle,random,75,4,24157221,61591540631178,82.90593,0.001022,1701,0.001024679,0.087875277,3749323,3749323,43685259,1250677,1250677,210840,5,60302.0034722739,44558914,84.66,84.67,82.915984745,1.649542,85,1.649580606,49
astra_single_core,random,75,4,24439826,62302923455429,1.120919,8e-06,659,9.58e-06,0.086658414,3749323,3749323,43961111,1250677,1250677,210840,1,4460521.623461585,44840477,1.24,1.24,1.120945132,0.022885,64,0.022894145,11
astra_single_core,random,75,4,24439826,62302923455429,1.119886,9e-06,659,9.478e-06,0.096271697,3749323,3749323,43961111,1250677,1250677,210832,2,4464596.342562495,44840477,1.25,1.25,1.119922075,0.022953,64,0.022955233,11
astra_single_core,random,75,4,24439826,62302923455429,1.125363,8e-06,659,9.692e-06,0.088063217,3749323,3749323,43961111,1250677,1250677,210832,3,4442774.632535222,44840477,1.25,1.25,1.12542283,0.02259,64,0.022598059,11
astra_single_core,random,75,4,24439826,62302923455429,1.116656,9e-06,659,1.0969e-05,0.093457961,3749323,3749323,43961111,1250677,1250677,210840,4,4477561.331826189,44840477,1.24,1.25,1.116679288,0.022724,64,0.022727513,11
astra_single_core,random,75,4,24439826,62302923455429,1.119551,9e-06,659,1.0016e-05,0.091509213,3749323,3749323,43961111,1250677,1250677,210784,5,4465991.1048264885,44840477,1.24,1.25,1.119572315,0.022596,64,0.022599721,11
deepseek_single_core,random,75,4,34844828,88835677208980,1.795546,8e-06,748,9.886e-06,0.082303844,3749323,3749323,54161517,1250677,1250677,210840,1,2784632.205644616,55245568,1.9300000000000002,1.93,1.795569264,0.036321,64,0.036331211,11
deepseek_single_core,random,75,4,34844828,88835677208980,1.79241,8e-06,748,1.0248e-05,0.090725565,3749323,3749323,54161517,1250677,1250677,210840,2,2789455.7381442655,55245568,1.9400000000000002,1.94,1.792464362,0.036306,64,0.036309133,11
deepseek_single_core,random,75,4,34844828,88835677208980,1.79307,9e-06,748,9.879e-06,0.092387692,3749323,3749323,54161517,1250677,1250677,210828,3,2788422.243532671,55245568,1.9400000000000002,1.94,1.793128717,0.035927,64,0.035943746,11
deepseek_single_core,random,75,4,34844828,88835677208980,1.788611,8e-06,748,9.406e-06,0.085354652,3749323,3749323,54161517,1250677,1250677,210832,4,2795395.50949678,55245568,1.9200000000000002,1.93,1.78865566,0.035969,64,0.035972777,11
deepseek_single_core,random,75,4,34844828,88835677208980,1.788957,9e-06,748,9.947e-06,0.082991236,3749323,3749323,54161517,1250677,1250677,210832,5,2794854.8423859305,55245568,1.9200000000000002,1.92,1.789001677,0.036105,64,0.036114365,11
astra_multicore,random,75,4,28480182,72608743383868,1.142171,9e-06,692,9.489e-06,0.083477316,3749323,3749323,47921617,1250677,1250677,210788,1,4377526.6881583445,48880866,1.25,1.26,1.142197491,0.023046,64,0.023047752,11
astra_multicore,random,75,4,28480182,72608743383868,1.143207,9e-06,692,9.416e-06,0.086176032,3749323,3749323,47921617,1250677,1250677,210808,2,4373607.063007324,48880866,1.26,1.27,1.143221128,0.023202,64,0.023203526,11
astra_multicore,random,75,4,28480182,72608743383868,1.136757,9e-06,692,9.927e-06,0.085814784,3749323,3749323,47921617,1250677,1250677,210840,3,4398316.786333387,48880866,1.25,1.26,1.136798517,0.02291,64,0.022913275,11
astra_multicore,random,75,4,28480182,72608743383868,1.140433,9e-06,692,9.775e-06,0.085505612,3749323,3749323,47921617,1250677,1250677,210784,4,4384159.642249907,48880866,1.26,1.26,1.140469419,0.023195,64,0.023202041,11
astra_multicore,random,75,4,28480182,72608743383868,1.144657,9e-06,692,9.788e-06,0.086236314,3749323,3749323,47921617,1250677,1250677,210840,5,4368051.529128123,48880866,1.27,1.27,1.144675141,0.023278,64,0.023288147,11
deepseek_multicore,random,75,4,26826253,68384275196846,1.841119,8e-06,665,9.504e-06,0.086085638,3749323,3749323,46299409,1250677,1250677,210792,1,2715685.7518574437,47226908,1.97,1.98,1.841155589,0.037272,64,0.037285379,11
deepseek_multicore,random,75,4,26826253,68384275196846,1.841451,8e-06,665,9.48e-06,0.083638692,3749323,3749323,46299409,1250677,1250677,210840,2,2715166.0752345305,47226908,1.97,1.98,1.841507982,0.037392,64,0.037395402,11
deepseek_multicore,random,75,4,26826253,68384275196846,1.840264,8e-06,665,9.15e-06,0.084081483,3749323,3749323,46299409,1250677,1250677,210780,3,2716928.6645535524,47226908,1.98,1.98,1.840313316,0.037276,64,0.037278147,11
deepseek_multicore,random,75,4,26826253,68384275196846,1.836546,8e-06,665,9.943e-06,0.085702355,3749323,3749323,46299409,1250677,1250677,210836,4,2722424.835574946,47226908,1.97,1.98,1.836597997,0.037088,64,0.037090616,11
deepseek_multicore,random,75,4,26826253,68384275196846,1.840311,8e-06,665,1.0065e-05,0.087874303,3749323,3749323,46299409,1250677,1250677,210840,5,2716879.6332252487,47226908,1.97,1.98,1.840346528,0.037247,64,0.037255503,11
fixedlat,random,75,4,0,0,1.67336,0.608616,20400031,0.608622495,0.083976067,3749323,3749323,40400031,1250677,1250677,600016,1,2987953.653107484,40800027,1.85,1.85,1.673386063,0.018325,37381,0.018328297,0
fixedlat,random,75,4,0,0,1.657007,0.604393,20400031,0.60440642,0.084750404,3749323,3749323,40400031,1250677,1250677,600016,2,3017377.111597692,40800027,1.83,1.84,1.657068313,0.018553,37381,0.018555542,0
fixedlat,random,75,4,0,0,1.658626,0.606645,20400031,0.606662909,0.088595172,3749323,3749323,40400031,1250677,1250677,599988,3,3014414.337330137,40800027,1.84,1.84,1.658696994,0.018627,37381,0.018629235,0
fixedlat,random,75,4,0,0,1.659722,0.607645,20400031,0.607644996,0.084870785,3749323,3749323,40400031,1250677,1250677,600028,4,3012490.1232574135,40800027,1.83,1.84,1.659756479,0.018403,37381,0.018409391,0
fixedlat,random,75,4,0,0,1.660935,0.606424,20400031,0.606435325,0.087168868,3749323,3749323,40400031,1250677,1250677,599996,5,3010230.767758442,40800027,1.84,1.85,1.661002224,0.018557,37381,0.018559458,0
md1,random,75,4,0,0,0.717485,1.1e-05,437,1.085e-05,0.08451562,3749323,3749323,20000437,1250677,1250677,210840,1,6968575.2461640155,20400433,0.8300000000000001,0.83,0.717506782,0.01468,94,0.01468212,0
md1,random,75,4,0,0,0.710077,1e-05,437,1.0921e-05,0.080642442,3749323,3749323,20000437,1250677,1250677,210800,2,7041281.249111126,20400433,0.81,0.82,0.710098038,0.014449,94,0.014450862,0
md1,random,75,4,0,0,0.716073,1.1e-05,437,1.1277e-05,0.083644729,3749323,3749323,20000437,1250677,1250677,210832,3,6982321.297320995,20400433,0.8200000000000001,0.83,0.716094231,0.014633,94,0.014636106,0
md1,random,75,4,0,0,0.725692,1e-05,437,1.0469e-05,0.08222774,3749323,3749323,20000437,1250677,1250677,210840,4,6889970.39590554,20400433,0.8300000000000001,0.84,0.725692523,0.014791,94,0.014793819,0
md1,random,75,4,0,0,0.70941,1e-05,437,1.0682e-05,0.084788037,3749323,3749323,20000437,1250677,1250677,210800,5,7048070.959189034,20400433,0.81,0.82,0.70941397,0.014173,94,0.014176603,0
wmg1,random,75,4,0,0,1.142693,2e-05,838,2.0998e-05,0.082899651,3749323,3749323,20000838,1250677,1250677,210764,1,4375539.437285641,20400834,1.26,1.27,1.142716246,0.022946,173,0.022949087,0
wmg1,random,75,4,0,0,1.143335,2e-05,838,2.0417e-05,0.084694225,3749323,3749323,20000838,1250677,1250677,210840,2,4372952.914696523,20400834,1.26,1.27,1.143392142,0.022892,173,0.022894445,0
wmg1,random,75,4,0,0,1.141591,2e-05,838,2.0823e-05,0.086250472,3749323,3749323,20000838,1250677,1250677,210840,3,4379772.2293846,20400834,1.26,1.27,1.141611878,0.023013,173,0.023022618,0
wmg1,random,75,4,0,0,1.149175,2e-05,838,2.0955e-05,0.083723949,3749323,3749323,20000838,1250677,1250677,210788,4,4350769.730740947,20400834,1.27,1.27,1.149221933,0.023273,173,0.023280952,0
wmg1,random,75,4,0,0,1.142048,2e-05,838,2.0978e-05,0.082619301,3749323,3749323,20000838,1250677,1250677,210832,5,4377883.423965531,20400834,1.26,1.27,1.142104418,0.023212,173,0.023244969,0
mess,random,75,4,0,0,1.029655,0.002629,69209,0.002629288,0.08636865,3749323,3749323,20069209,1250677,1250677,210804,1,4855904.010587269,20469205,1.1500000000000001,1.15,1.02967439,0.015351,317,0.015354488,0
mess,random,75,4,0,0,1.033485,0.002644,69209,0.002644838,0.081120088,3749323,3749323,20069209,1250677,1250677,210776,2,4837642.538730676,20469205,1.1400000000000001,1.15,1.033561277,0.015406,317,0.015409152,0
mess,random,75,4,0,0,1.043887,0.002618,69209,0.002618151,0.083324439,3749323,3749323,20069209,1250677,1250677,210840,3,4789674.606472263,20469205,1.1500000000000001,1.16,1.043912251,0.015573,317,0.015575146,0
mess,random,75,4,0,0,1.029518,0.002612,69209,0.002611862,0.083445065,3749323,3749323,20069209,1250677,1250677,210804,4,4856516.493062196,20469205,1.1400000000000001,1.14,1.029544532,0.015542,317,0.015544626,0
mess,random,75,4,0,0,1.031396,0.002641,69209,0.002641253,0.082925647,3749323,3749323,20069209,1250677,1250677,210836,5,4847691.279659571,20469205,1.1400000000000001,1.15,1.031418816,0.015542,317,0.015544106,0
oracle,streaming,100,256,0,0,28.806574,2e-06,43,4.354e-06,0.08311434,5000000,5000000,1280000043,0,0,210840,1,173563.05532189028,1305599787,29.48,29.48,28.807974086,0.577489,1,0.577503767,0
oracle,streaming,100,256,0,0,28.811631,3e-06,43,4.424e-06,0.081831348,5000000,5000000,1280000043,0,0,210808,2,173531.7825992006,1305599787,29.48,29.49,28.813165664,0.577582,1,0.577606235,0
oracle,streaming,100,256,0,0,28.517848,3e-06,43,3.895e-06,0.081972135,5000000,5000000,1280000043,0,0,210840,3,175320.1383885403,1305599787,29.18,29.19,28.519256521,0.57087,1,0.57087202,0
oracle,streaming,100,256,0,0,28.864792,3e-06,43,4.206e-06,0.082497533,5000000,5000000,1280000043,0,0,210840,4,173212.1270384187,1305599787,29.54,29.54,28.866339127,0.577841,1,0.577865441,0
oracle,streaming,100,256,0,0,29.125022,3e-06,43,3.587e-06,0.086943788,5000000,5000000,1280000043,0,0,210840,5,171664.18236499303,1305599787,29.81,29.81,29.126635103,0.582864,1,0.582910478,0
astra_single_core,streaming,100,256,0,0,0.808317,1e-06,43,1.972e-06,0.087792674,5000000,5000000,1280000043,0,0,210780,1,6185469.631886954,1305599787,0.9199999999999999,0.93,0.808346059,0.0164,1,0.016403678,0
astra_single_core,streaming,100,256,0,0,0.803545,1e-06,43,1.804e-06,0.090887373,5000000,5000000,1280000043,0,0,210832,2,6222204.835446115,1305599787,0.9199999999999999,0.93,0.803573674,0.016552,1,0.016555672,0
astra_single_core,streaming,100,256,0,0,0.805561,1e-06,43,2.061e-06,0.090459707,5000000,5000000,1280000043,0,0,210840,3,6206686.67582455,1305599787,0.9199999999999999,0.93,0.805582795,0.016225,1,0.016227609,0
astra_single_core,streaming,100,256,0,0,0.805992,1e-06,43,1.992e-06,0.093185683,5000000,5000000,1280000043,0,0,210832,4,6203372.159309172,1305599787,0.9199999999999999,0.93,0.806013225,0.016519,1,0.016522742,0
astra_single_core,streaming,100,256,0,0,0.806134,1e-06,43,1.967e-06,0.092526949,5000000,5000000,1280000043,0,0,210836,5,6202052.013409978,1305599787,0.9199999999999999,0.93,0.80618479,0.016558,1,0.016560289,0
deepseek_single_core,streaming,100,256,0,0,1.115319,1e-06,43,2.046e-06,0.084807556,5000000,5000000,1280000043,0,0,210840,1,4482982.288115343,1305599787,1.23,1.24,1.115328966,0.02272,1,0.022721546,0
deepseek_single_core,streaming,100,256,0,0,1.115645,1e-06,43,2.092e-06,0.086281567,5000000,5000000,1280000043,0,0,210840,2,4481596.770126833,1305599787,1.24,1.24,1.115673778,0.02281,1,0.022812702,0
deepseek_single_core,streaming,100,256,0,0,1.113678,1e-06,43,2.093e-06,0.08188136,5000000,5000000,1280000043,0,0,210840,3,4489529.952382599,1305599787,1.23,1.23,1.113702337,0.0226,1,0.022602628,0
deepseek_single_core,streaming,100,256,0,0,1.114028,1e-06,43,2.397e-06,0.084425388,5000000,5000000,1280000043,0,0,210840,4,4488168.186900192,1305599787,1.23,1.24,1.114040248,0.0226,1,0.02260198,0
deepseek_single_core,streaming,100,256,0,0,1.114083,1e-06,43,2.77e-06,0.082524229,5000000,5000000,1280000043,0,0,210836,5,4487887.8047580095,1305599787,1.23,1.24,1.114109848,0.022744,1,0.022745669,0
astra_multicore,streaming,100,256,0,0,0.800765,0.0,43,2.14e-06,0.085879498,5000000,5000000,1280000043,0,0,210840,1,6243862.228795299,1305599787,0.9099999999999999,0.92,0.800786407,0.016357,1,0.016360628,0
astra_multicore,streaming,100,256,0,0,0.80005,1e-06,43,2.995e-06,0.084364537,5000000,5000000,1280000043,0,0,210784,2,6249155.340729814,1305599787,0.9099999999999999,0.92,0.800108131,0.016457,1,0.016459778,0
astra_multicore,streaming,100,256,0,0,0.801291,1e-06,43,1.78e-06,0.086977346,5000000,5000000,1280000043,0,0,210840,3,6239695.065602968,1305599787,0.9099999999999999,0.92,0.80132121,0.016295,1,0.016298108,0
astra_multicore,streaming,100,256,0,0,0.802194,1e-06,43,2.186e-06,0.088172209,5000000,5000000,1280000043,0,0,210840,4,6232386.038368844,1305599787,0.9199999999999999,0.92,0.802260959,0.016137,1,0.016139626,0
astra_multicore,streaming,100,256,0,0,0.805044,1e-06,43,2.075e-06,0.086519547,5000000,5000000,1280000043,0,0,210836,5,6210519.4329649685,1305599787,0.9199999999999999,0.92,0.805085638,0.016307,1,0.01630975,0
deepseek_multicore,streaming,100,256,0,0,1.174386,1e-06,43,3.402e-06,0.081722966,5000000,5000000,1280000043,0,0,210832,1,4257470.983472604,1305599787,1.29,1.3,1.174406125,0.023817,1,0.023825528,0
deepseek_multicore,streaming,100,256,0,0,1.175853,1e-06,43,1.762e-06,0.104244471,5000000,5000000,1280000043,0,0,210832,2,4252179.365025167,1305599787,1.31,1.32,1.175867613,0.023632,1,0.023634259,0
deepseek_multicore,streaming,100,256,0,0,1.1775,1e-06,43,2.062e-06,0.086073619,5000000,5000000,1280000043,0,0,210832,3,4246208.685952091,1305599787,1.3,1.3,1.177521024,0.023971,1,0.023973249,0
deepseek_multicore,streaming,100,256,0,0,1.17546,2e-06,43,3.45e-06,0.088814512,5000000,5000000,1280000043,0,0,210832,4,4253533.768862014,1305599787,1.3,1.3,1.175493195,0.023895,1,0.023898304,0
deepseek_multicore,streaming,100,256,0,0,1.175243,0.0,43,2.083e-06,0.085575998,5000000,5000000,1280000043,0,0,210780,5,4254371.325695188,1305599787,1.29,1.3,1.175261776,0.023932,1,0.023933743,0
fixedlat,streaming,100,256,0,0,0.551776,1e-06,43,1.764e-06,0.085209081,5000000,5000000,1280000043,0,0,210800,1,9061373.806590112,1305599787,0.6599999999999999,0.66,0.551792709,0.011434,1,0.011436656,0
fixedlat,streaming,100,256,0,0,0.557317,1e-06,43,1.831e-06,0.088571396,5000000,5000000,1280000043,0,0,210840,2,8971265.907305945,1305599787,0.6599999999999999,0.67,0.557334946,0.011401,1,0.011403017,0
fixedlat,streaming,100,256,0,0,0.554755,1e-06,43,1.851e-06,0.083651507,5000000,5000000,1280000043,0,0,210792,3,9012697.020869043,1305599787,0.6599999999999999,0.66,0.554772893,0.011524,1,0.011525563,0
fixedlat,streaming,100,256,0,0,0.555705,1e-06,43,1.466e-06,0.087106556,5000000,5000000,1280000043,0,0,210840,4,8997238.643092467,1305599787,0.6599999999999999,0.67,0.555726062,0.01122,1,0.011222723,0
fixedlat,streaming,100,256,0,0,0.553295,1e-06,43,1.648e-06,0.084078452,5000000,5000000,1280000043,0,0,210840,5,9036434.555320678,1305599787,0.6599999999999999,0.66,0.553315577,0.011508,1,0.011511116,0
md1,streaming,100,256,0,0,0.55277,1e-06,43,2.627e-06,0.09754199,5000000,5000000,1280000043,0,0,210840,1,9045006.83241726,1305599787,0.6699999999999999,0.68,0.55279118,0.011181,1,0.011184625,0
md1,streaming,100,256,0,0,0.553527,1e-06,43,1.549e-06,0.081957885,5000000,5000000,1280000043,0,0,210840,2,9032916.127025202,1305599787,0.6599999999999999,0.66,0.5535311,0.011337,1,0.011340146,0
md1,streaming,100,256,0,0,0.554228,1e-06,43,1.495e-06,0.081495604,5000000,5000000,1280000043,0,0,210812,3,9021378.635752264,1305599787,0.6599999999999999,0.66,0.554239014,0.011312,1,0.011313823,0
md1,streaming,100,256,0,0,0.553929,1e-06,43,1.487e-06,0.083663947,5000000,5000000,1280000043,0,0,210832,4,9026033.197248252,1305599787,0.6599999999999999,0.66,0.553953203,0.011424,1,0.011426203,0
md1,streaming,100,256,0,0,0.553045,1e-06,43,1.916e-06,0.084395482,5000000,5000000,1280000043,0,0,210836,5,9040456.29323692,1305599787,0.6599999999999999,0.66,0.553069429,0.011416,1,0.011418134,0
wmg1,streaming,100,256,0,0,0.871993,2e-06,43,3.967e-06,0.100309356,5000000,5000000,1280000043,0,0,210840,1,5733695.80137465,1305599787,1.0,1.01,0.872037892,0.017837,1,0.017841028,0
wmg1,streaming,100,256,0,0,0.871856,1e-06,43,1.54e-06,0.080055755,5000000,5000000,1280000043,0,0,210804,2,5734632.176138924,1305599787,0.98,0.99,0.871895502,0.01787,1,0.01787201,0
wmg1,streaming,100,256,0,0,0.875448,1e-06,43,1.955e-06,0.084153748,5000000,5000000,1280000043,0,0,210840,3,5711195.846372451,1305599787,0.98,0.99,0.875473392,0.017679,1,0.017680254,0
wmg1,streaming,100,256,0,0,0.88073,1e-06,43,1.746e-06,0.090514006,5000000,5000000,1280000043,0,0,210840,4,5676555.614824095,1305599787,1.0,1.0,0.880815822,0.017984,1,0.017986131,0
wmg1,streaming,100,256,0,0,0.875982,1e-06,43,1.946e-06,0.088266319,5000000,5000000,1280000043,0,0,210832,5,5707697.772101657,1305599787,0.99,1.0,0.876009943,0.017975,1,0.017977937,0
mess,streaming,100,256,0,0,0.587321,1e-06,110,3.036e-06,0.101959612,5000000,5000000,1280000110,0,0,210832,1,8512898.700695511,1305599854,0.71,0.72,0.587344003,0.012368,1,0.012372563,0
mess,streaming,100,256,0,0,0.587065,1e-06,110,1.587e-06,0.081566123,5000000,5000000,1280000110,0,0,210840,2,8516696.024427587,1305599854,0.69,0.7,0.587082125,0.012026,1,0.01202756,0
mess,streaming,100,256,0,0,0.5871,0.0,110,1.669e-06,0.080979212,5000000,5000000,1280000110,0,0,210832,3,8516179.424304841,1305599854,0.69,0.7,0.587117738,0.01217,1,0.012172369,0
mess,streaming,100,256,0,0,0.587116,1e-06,110,1.822e-06,0.081605139,5000000,5000000,1280000110,0,0,210840,4,8516024.019902207,1305599854,0.69,0.7,0.587128452,0.01198,1,0.011981811,0
mess,streaming,100,256,0,0,0.589835,0.0,110,1.614e-06,0.082412169,5000000,5000000,1280000110,0,0,210840,5,8476848.569466956,1305599854,0.69,0.7,0.589841845,0.012166,1,0.012168186,0
oracle,random,100,256,0,0,38.577006,6e-06,110,6.517e-06,0.082546522,5000000,5000000,1280000110,0,0,210804,1,129605.2359830192,1305599854,39.44,39.45,38.578688292,0.772009,1,0.77204752,0
oracle,random,100,256,0,0,39.032595,6e-06,110,7.989e-06,0.081294477,5000000,5000000,1280000110,0,0,210840,2,128092.15838362317,1305599854,39.900000000000006,39.91,39.034395728,0.780923,1,0.780925327,0
oracle,random,100,256,0,0,39.114205,5e-06,110,7.245e-06,0.088373725,5000000,5000000,1280000110,0,0,210800,3,127825.23677344326,1305599854,40.0,40.0,39.115906422,0.782272,1,0.78229429,0
oracle,random,100,256,0,0,38.430314,6e-06,110,7.504e-06,0.089703408,5000000,5000000,1280000110,0,0,210800,4,130099.929792762,1305599854,39.3,39.31,38.431996143,0.768597,1,0.768627276,0
oracle,random,100,256,0,0,38.405248,5e-06,110,6.557e-06,0.08250062,5000000,5000000,1280000110,0,0,210760,5,130184.42449253479,1305599854,39.27,39.27,38.407052299,0.767548,1,0.76756888,0
astra_single_core,random,100,256,0,0,0.823684,1e-06,110,2.148e-06,0.090654735,5000000,5000000,1280000110,0,0,210840,1,6069730.071492279,1305599854,0.94,0.95,0.823759861,0.016775,1,0.016777644,0
astra_single_core,random,100,256,0,0,0.823566,1e-06,110,1.674e-06,0.087619509,5000000,5000000,1280000110,0,0,210836,2,6071114.335320736,1305599854,0.94,0.94,0.823572037,0.016574,1,0.016576644,0
astra_single_core,random,100,256,0,0,0.824207,1e-06,110,1.822e-06,0.08597939,5000000,5000000,1280000110,0,0,210780,3,6066289.6445813915,1305599854,0.9299999999999999,0.94,0.824227047,0.016511,1,0.016514059,0
astra_single_core,random,100,256,0,0,0.825167,1e-06,110,1.755e-06,0.090385228,5000000,5000000,1280000110,0,0,210840,4,6059013.876611695,1305599854,0.94,0.95,0.825216793,0.016779,1,0.016780812,0
astra_single_core,random,100,256,0,0,0.830483,1e-06,110,2.048e-06,0.084401361,5000000,5000000,1280000110,0,0,210812,5,6020511.453862895,1305599854,0.94,0.95,0.830494226,0.016853,1,0.01685537,0
deepseek_single_core,random,100,256,0,0,1.119962,1e-06,110,1.84e-06,0.086060104,5000000,5000000,1280000110,0,0,210840,1,4464357.100152953,1305599854,1.24,1.24,1.119982091,0.022774,1,0.022776527,0
deepseek_single_core,random,100,256,0,0,1.121209,1e-06,110,2.044e-06,0.08264748,5000000,5000000,1280000110,0,0,210768,2,4459324.35759932,1305599854,1.24,1.24,1.12124609,0.022794,1,0.022796957,0
deepseek_single_core,random,100,256,0,0,1.119765,1e-06,110,2.064e-06,0.085719322,5000000,5000000,1280000110,0,0,210796,3,4465037.70238097,1305599854,1.24,1.24,1.119811373,0.022907,1,0.02290964,0
deepseek_single_core,random,100,256,0,0,1.127391,1e-06,110,1.882e-06,0.084164825,5000000,5000000,1280000110,0,0,210840,4,4434905.868612925,1305599854,1.24,1.25,1.127419645,0.023055,1,0.023057726,0
deepseek_single_core,random,100,256,0,0,1.122425,1e-06,110,1.964e-06,0.082347692,5000000,5000000,1280000110,0,0,210840,5,4454575.896226214,1305599854,1.24,1.24,1.122441309,0.022922,1,0.022930906,0
astra_multicore,random,100,256,0,0,0.835361,1e-06,110,2.254e-06,0.083333919,5000000,5000000,1280000110,0,0,210840,1,5985155.478526551,1305599854,0.95,0.95,0.835400186,0.016962,1,0.01696354,0
astra_multicore,random,100,256,0,0,0.83649,1e-06,110,2.078e-06,0.083034522,5000000,5000000,1280000110,0,0,210812,2,5977292.121384931,1305599854,0.95,0.95,0.836499187,0.016907,1,0.016909769,0
astra_multicore,random,100,256,0,0,0.831822,1e-06,110,2.111e-06,0.082190183,5000000,5000000,1280000110,0,0,210804,3,6010607.597223357,1305599854,0.94,0.95,0.831862656,0.016832,1,0.016834508,0
astra_multicore,random,100,256,0,0,0.832317,1e-06,110,1.987e-06,0.082617327,5000000,5000000,1280000110,0,0,210840,4,6007226.804378641,1305599854,0.95,0.95,0.832330818,0.017018,1,0.017019261,0
astra_multicore,random,100,256,0,0,0.83034,0.0,110,1.511e-06,0.085101635,5000000,5000000,1280000110,0,0,210792,5,6021417.456915587,1305599854,0.94,0.95,0.830369267,0.017021,1,0.017023618,0
deepseek_multicore,random,100,256,0,0,1.175964,0.0,110,1.563e-06,0.081601706,5000000,5000000,1280000110,0,0,210792,1,4251568.046533228,1305599854,1.29,1.3,1.176036687,0.023926,1,0.023928852,0
deepseek_multicore,random,100,256,0,0,1.175701,1e-06,110,2.351e-06,0.081038378,5000000,5000000,1280000110,0,0,210784,2,4252686.439247053,1305599854,1.29,1.3,1.175727407,0.023951,1,0.023953518,0
deepseek_multicore,random,100,256,0,0,1.175032,0.0,110,1.704e-06,0.081171306,5000000,5000000,1280000110,0,0,210840,3,4255117.2753085,1305599854,1.29,1.3,1.175055745,0.023876,1,0.0238788,0
deepseek_multicore,random,100,256,0,0,1.177218,1e-06,110,2.221e-06,0.0826562,5000000,5000000,1280000110,0,0,210840,4,4247170.47705431,1305599854,1.29,1.3,1.177254369,0.023712,1,0.023715003,0
deepseek_multicore,random,100,256,0,0,1.178148,1e-06,110,2.187e-06,0.088928787,5000000,5000000,1280000110,0,0,210840,5,4243897.3475482855,1305599854,1.3,1.31,1.178162333,0.023788,1,0.02379092,0
fixedlat,random,100,256,0,0,0.553296,0.0,43,1.627e-06,0.090842328,5000000,5000000,1280000043,0,0,210832,1,9036398.169041388,1305599787,0.6599999999999999,0.67,0.553317805,0.011132,1,0.011133846,0
fixedlat,random,100,256,0,0,0.556754,1e-06,43,1.532e-06,0.081354988,5000000,5000000,1280000043,0,0,210832,2,8980235.525355542,1305599787,0.6499999999999999,0.66,0.55677827,0.011517,1,0.011519405,0
fixedlat,random,100,256,0,0,0.550306,2e-06,43,2.782e-06,0.08994147,5000000,5000000,1280000043,0,0,210804,3,9085568.03236637,1305599787,0.6599999999999999,0.67,0.550323324,0.011105,1,0.011107775,0
fixedlat,random,100,256,0,0,0.55377,1e-06,43,1.619e-06,0.08328744,5000000,5000000,1280000043,0,0,210784,4,9028889.664221715,1305599787,0.6499999999999999,0.66,0.553777949,0.011449,1,0.011457055,0
fixedlat,random,100,256,0,0,0.552074,1e-06,43,2.06e-06,0.086966989,5000000,5000000,1280000043,0,0,210788,5,9055751.830323204,1305599787,0.6699999999999999,0.67,0.552135272,0.011335,1,0.011338191,0
md1,random,100,256,0,0,0.554149,0.0,43,1.64e-06,0.085828977,5000000,5000000,1280000043,0,0,210832,1,9022506.972061059,1305599787,0.6599999999999999,0.67,0.554169702,0.011278,1,0.011279792,0
md1,random,100,256,0,0,0.553807,1e-06,43,1.679e-06,0.086426737,5000000,5000000,1280000043,0,0,210832,2,9028305.409500947,1305599787,0.6699999999999999,0.67,0.553813786,0.011184,1,0.011186215,0
md1,random,100,256,0,0,0.553631,1e-06,43,1.761e-06,0.08414051,5000000,5000000,1280000043,0,0,210832,3,9030843.424260806,1305599787,0.6599999999999999,0.66,0.553658143,0.011254,1,0.011257266,0
md1,random,100,256,0,0,0.552562,1e-06,43,1.706e-06,0.085478622,5000000,5000000,1280000043,0,0,210840,4,9048519.033142649,1305599787,0.6599999999999999,0.66,0.552576613,0.011296,1,0.011297916,0
md1,random,100,256,0,0,0.554313,1e-06,43,1.787e-06,0.085428786,5000000,5000000,1280000043,0,0,210832,5,9019801.160467774,1305599787,0.6599999999999999,0.67,0.554335945,0.011269,1,0.011270956,0
wmg1,random,100,256,0,0,0.885145,1e-06,43,2.523e-06,0.087428049,5000000,5000000,1280000043,0,0,210840,1,5648571.492368009,1305599787,1.01,1.01,0.885179555,0.017872,1,0.017874748,0
wmg1,random,100,256,0,0,0.883067,1e-06,43,1.757e-06,0.080608667,5000000,5000000,1280000043,0,0,210788,2,5661838.025102793,1305599787,1.0,1.0,0.883105447,0.018125,1,0.018126195,0
wmg1,random,100,256,0,0,0.870626,1e-06,43,1.573e-06,0.082774872,5000000,5000000,1280000043,0,0,210832,3,5742879.867564045,1305599787,0.98,0.99,0.870643321,0.017887,1,0.017889976,0
wmg1,random,100,256,0,0,0.871305,1e-06,43,2.08e-06,0.08290097,5000000,5000000,1280000043,0,0,210840,4,5738393.39353918,1305599787,0.99,0.99,0.87132402,0.017742,1,0.017756061,0
wmg1,random,100,256,0,0,0.866948,1e-06,43,2.251e-06,0.085282002,5000000,5000000,1280000043,0,0,210840,5,5767186.108776288,1305599787,0.98,0.99,0.866973929,0.017571,1,0.017580345,0
mess,random,100,256,0,0,0.58821,1e-06,110,1.882e-06,0.083920954,5000000,5000000,1280000110,0,0,210840,1,8500257.07497477,1305599854,0.69,0.7,0.588217504,0.012326,1,0.012328843,0
mess,random,100,256,0,0,0.587744,1e-06,110,2.675e-06,0.083316207,5000000,5000000,1280000110,0,0,210832,2,8506928.683291402,1305599854,0.69,0.7,0.587756191,0.012026,1,0.012027995,0
mess,random,100,256,0,0,0.588125,1e-06,110,1.655e-06,0.080134321,5000000,5000000,1280000110,0,0,210796,3,8501521.685666213,1305599854,0.69,0.7,0.588130006,0.012138,1,0.012140782,0
mess,random,100,256,0,0,0.587086,1e-06,110,1.695e-06,0.082524664,5000000,5000000,1280000110,0,0,210840,4,8516077.890078615,1305599854,0.69,0.7,0.587124738,0.01209,1,0.012092987,0
mess,random,100,256,0,0,0.604706,1e-06,110,1.718e-06,0.087234807,5000000,5000000,1280000110,0,0,210792,5,8268478.939974121,1305599854,0.71,0.72,0.604706142,0.012069,1,0.012071833,0
oracle,streaming,100,64,0,0,8.536628,3e-06,43,4.582e-06,0.081746688,5000000,5000000,320000043,0,0,210808,1,585669.1827331409,326399979,8.8,8.81,8.537242777,0.172045,1,0.172058278,0
oracle,streaming,100,64,0,0,8.472778,2e-06,43,4.336e-06,0.081582413,5000000,5000000,320000043,0,0,210840,2,590111.60784852,326399979,8.73,8.74,8.472973474,0.16999,1,0.169992704,0
oracle,streaming,100,64,0,0,8.462252,2e-06,43,4.252e-06,0.082151865,5000000,5000000,320000043,0,0,210840,3,590842.7369869258,326399979,8.73,8.73,8.462488725,0.16967,1,0.169682826,0
oracle,streaming,100,64,0,0,8.627947,3e-06,43,3.554e-06,0.084308522,5000000,5000000,320000043,0,0,210784,4,579501.0495268173,326399979,8.9,8.9,8.62811207,0.17255,1,0.172562578,0
oracle,streaming,100,64,0,0,8.546809,3e-06,43,3.88e-06,0.087837862,5000000,5000000,320000043,0,0,210840,5,584998.0105165358,326399979,8.82,8.82,8.547037614,0.171124,1,0.171127379,0
astra_single_core,streaming,100,64,0,0,0.814455,2e-06,43,2.561e-06,0.0775032,5000000,5000000,320000043,0,0,210840,1,6138724.650414334,326399979,0.9099999999999999,0.92,0.814501429,0.016687,1,0.016690505,0
astra_single_core,streaming,100,64,0,0,0.807556,0.0,43,2.029e-06,0.087890344,5000000,5000000,320000043,0,0,210836,2,6191056.552499535,326399979,0.9199999999999999,0.93,0.807616593,0.016566,1,0.016568499,0
astra_single_core,streaming,100,64,0,0,0.807413,1e-06,43,2.052e-06,0.087394635,5000000,5000000,320000043,0,0,210836,3,6192539.089201648,326399979,0.9199999999999999,0.93,0.807423244,0.016501,1,0.016504132,0
astra_single_core,streaming,100,64,0,0,0.803919,1e-06,43,1.999e-06,0.081374697,5000000,5000000,320000043,0,0,210780,4,6219362.3869130695,326399979,0.9199999999999999,0.92,0.803940933,0.017425,1,0.017428326,0
astra_single_core,streaming,100,64,0,0,0.808328,1e-06,43,1.755e-06,0.089073087,5000000,5000000,320000043,0,0,210840,5,6185394.497743728,326399979,0.9199999999999999,0.93,0.808355878,0.016545,1,0.016548068,0
deepseek_single_core,streaming,100,64,0,0,1.124571,1e-06,43,2.685e-06,0.081804998,5000000,5000000,320000043,0,0,210840,1,4446063.5901463935,326399979,1.24,1.24,1.124590303,0.022891,1,0.02289728,0
deepseek_single_core,streaming,100,64,0,0,1.124483,1e-06,43,2.267e-06,0.083778489,5000000,5000000,320000043,0,0,210832,2,4446400.046279554,326399979,1.24,1.25,1.124505206,0.022762,1,0.022769326,0
deepseek_single_core,streaming,100,64,0,0,1.128113,1e-06,43,1.895e-06,0.08451322,5000000,5000000,320000043,0,0,210804,3,4432069.377912127,326399979,1.25,1.25,1.128141185,0.022833,1,0.022834919,0
deepseek_single_core,streaming,100,64,0,0,1.1262,1e-06,43,2.103e-06,0.083296226,5000000,5000000,320000043,0,0,210840,4,4439592.222708493,326399979,1.25,1.25,1.126229561,0.022881,1,0.022883713,0
deepseek_single_core,streaming,100,64,0,0,1.129925,1e-06,43,2.551e-06,0.096186714,5000000,5000000,320000043,0,0,210832,5,4424536.261235163,326399979,1.26,1.27,1.130061933,0.022797,1,0.022798833,0
astra_multicore,streaming,100,64,0,0,0.807993,2e-06,43,2.277e-06,0.081949267,5000000,5000000,320000043,0,0,210840,1,6187812.025062223,326399979,0.9199999999999999,0.92,0.80804006,0.016495,1,0.016496493,0
astra_multicore,streaming,100,64,0,0,0.804371,1e-06,43,1.936e-06,0.085646524,5000000,5000000,320000043,0,0,210832,2,6215579.774109098,326399979,0.9099999999999999,0.92,0.804430187,0.016249,1,0.016251616,0
astra_multicore,streaming,100,64,0,0,0.812037,1e-06,43,2.22e-06,0.080721396,5000000,5000000,320000043,0,0,210840,3,6157168.493762907,326399979,0.9199999999999999,0.92,0.812061584,0.016679,1,0.016680935,0
astra_multicore,streaming,100,64,0,0,0.805002,1e-06,43,1.769e-06,0.086117564,5000000,5000000,320000043,0,0,210840,4,6210970.232007215,326399979,0.9199999999999999,0.92,0.805027204,0.016395,1,0.016397324,0
astra_multicore,streaming,100,64,0,0,0.808903,1e-06,43,2.263e-06,0.084502366,5000000,5000000,320000043,0,0,210804,5,6180911.776953541,326399979,0.9199999999999999,0.93,0.80894214,0.016498,1,0.016499881,0
deepseek_multicore,streaming,100,64,0,0,1.192412,1e-06,43,2.454e-06,0.082920055,5000000,5000000,320000043,0,0,210788,1,4193055.2229356263,326399979,1.31,1.31,1.192447925,0.024175,1,0.024177221,0
deepseek_multicore,streaming,100,64,0,0,1.191482,1e-06,43,2.151e-06,0.082805663,5000000,5000000,320000043,0,0,210804,2,4196350.725001207,326399979,1.31,1.31,1.191511465,0.024156,1,0.024159025,0
deepseek_multicore,streaming,100,64,0,0,1.19058,1e-06,43,2.453e-06,0.081758021,5000000,5000000,320000043,0,0,210840,3,4199206.602072572,326399979,1.31,1.31,1.190701119,0.024132,1,0.024134616,0
deepseek_multicore,streaming,100,64,0,0,1.19257,2e-06,43,3.055e-06,0.086492015,5000000,5000000,320000043,0,0,210840,4,4192483.4768189,326399979,1.32,1.32,1.192610544,0.024297,1,0.024300227,0
deepseek_multicore,streaming,100,64,0,0,1.189608,1e-06,43,2.607e-06,0.081821584,5000000,5000000,320000043,0,0,210836,5,4202933.467843119,326399979,1.31,1.31,1.189645289,0.024277,1,0.0242801,0
fixedlat,streaming,100,64,0,0,0.553673,1e-06,43,1.93e-06,0.084113273,5000000,5000000,320000043,0,0,210832,1,9030121.269832991,326399979,0.6599999999999999,0.66,0.55370242,0.011344,1,0.011346253,0
fixedlat,streaming,100,64,0,0,0.552878,1e-06,43,2.07e-06,0.086538445,5000000,5000000,320000043,0,0,210832,2,9043256.8165167,326399979,0.6599999999999999,0.66,0.552898154,0.011465,1,0.011466954,0
fixedlat,streaming,100,64,0,0,0.552985,1e-06,43,1.559e-06,0.082470265,5000000,5000000,320000043,0,0,210840,3,9041593.13493099,326399979,0.6599999999999999,0.66,0.552999889,0.011311,1,0.011313401,0
fixedlat,streaming,100,64,0,0,0.552651,1e-06,43,1.924e-06,0.084505208,5000000,5000000,320000043,0,0,210832,4,9046896.71150606,326399979,0.6599999999999999,0.66,0.552675703,0.011251,1,0.011254353,0
fixedlat,streaming,100,64,0,0,0.555642,2e-06,43,1.96e-06,0.083269188,5000000,5000000,320000043,0,0,210840,5,8998453.919841617,326399979,0.6599999999999999,0.67,0.555651009,0.011379,1,0.011388447,0
md1,streaming,100,64,0,0,0.552741,1e-06,45,1.85e-06,0.084541902,5000000,5000000,320000045,0,0,210840,1,9045294.14944712,326399981,0.6599999999999999,0.66,0.552773621,0.011104,1,0.011106022,0
md1,streaming,100,64,0,0,0.55288,1e-06,45,1.685e-06,0.083003093,5000000,5000000,320000045,0,0,210792,2,9043458.704350797,326399981,0.6499999999999999,0.66,0.552885811,0.011341,1,0.011343019,0
md1,streaming,100,64,0,0,0.552865,1e-06,45,1.784e-06,0.084830932,5000000,5000000,320000045,0,0,210832,3,9042583.077226432,326399981,0.6599999999999999,0.66,0.552939349,0.011349,1,0.011351361,0
md1,streaming,100,64,0,0,0.553053,1e-06,45,2.129e-06,0.085728273,5000000,5000000,320000045,0,0,210804,4,9040358.594430069,326399981,0.6599999999999999,0.67,0.553075406,0.01141,1,0.011413593,0
md1,streaming,100,64,0,0,0.552923,1e-06,45,1.573e-06,0.085407804,5000000,5000000,320000045,0,0,210832,5,9042602.946969109,326399981,0.6599999999999999,0.67,0.552938134,0.011281,1,0.011284386,0
wmg1,streaming,100,64,0,0,0.91753,1e-06,43,2.241e-06,0.086243391,5000000,5000000,320000043,0,0,210832,1,5449250.261524233,326399979,1.04,1.04,0.917557418,0.018411,1,0.018413254,0
wmg1,streaming,100,64,0,0,0.904064,1e-06,43,1.42e-06,0.081259164,5000000,5000000,320000043,0,0,210840,2,5530220.484891414,326399979,1.01,1.02,0.904123084,0.018465,1,0.018466992,0
wmg1,streaming,100,64,0,0,0.909792,1e-06,43,2.052e-06,0.082735518,5000000,5000000,320000043,0,0,210820,3,5495645.732289864,326399979,1.02,1.03,0.909811193,0.018597,1,0.018599019,0
wmg1,streaming,100,64,0,0,0.905095,1e-06,43,1.922e-06,0.081975327,5000000,5000000,320000043,0,0,210840,4,5524105.698578722,326399979,1.02,1.02,0.905123883,0.018545,1,0.01854761,0
wmg1,streaming,100,64,0,0,0.907495,1e-06,43,2.245e-06,0.083077348,5000000,5000000,320000043,0,0,210840,5,5509561.60063528,326399979,1.02,1.02,0.907513222,0.018427,1,0.018429635,0
mess,streaming,100,64,0,0,0.644017,2e-06,112,2.192e-06,0.08968755,5000000,5000000,320000112,0,0,210832,1,7763269.553638535,326400048,0.76,0.76,0.644058533,0.013166,2,0.013169637,0
mess,streaming,100,64,0,0,0.645975,1e-06,112,2.051e-06,0.083196161,5000000,5000000,320000112,0,0,210812,2,7739939.889676352,326400048,0.75,0.76,0.645999849,0.013328,2,0.013340157,0
mess,streaming,100,64,0,0,0.642837,1e-06,112,1.709e-06,0.081847073,5000000,5000000,320000112,0,0,210780,3,7777506.434404959,326400048,0.74,0.75,0.642879571,0.013082,2,0.013084026,0
mess,streaming,100,64,0,0,0.643073,1e-06,112,2.184e-06,0.086953306,5000000,5000000,320000112,0,0,210840,4,7774916.454751859,326400048,0.75,0.76,0.643093727,0.013135,2,0.013137202,0
mess,streaming,100,64,0,0,0.644314,1e-06,112,1.74e-06,0.083416134,5000000,5000000,320000112,0,0,210832,5,7760063.16765915,326400048,0.76,0.76,0.644324652,0.013124,2,0.013126269,0
oracle,random,50,64,0,0,19.242387,6e-06,68,6.834e-06,0.08168638,2498354,2498354,320000068,2501646,2501646,210840,1,259825.58727296616,326400004,19.72,19.73,19.24367824,0.385504,0,0.385515575,2
oracle,random,50,64,0,0,19.199219,6e-06,68,6.87e-06,0.081395185,2498354,2498354,320000068,2501646,2501646,210832,2,260410.399619139,326400004,19.68,19.68,19.200462068,0.384018,0,0.384038907,2
oracle,random,50,64,0,0,19.224307,5e-06,68,6.17e-06,0.084054999,2498354,2498354,320000068,2501646,2501646,210828,3,260072.25283323988,326400004,19.71,19.71,19.225426571,0.38425,0,0.3842642,2
oracle,random,50,64,0,0,19.211078,5e-06,68,6.755e-06,0.080669689,2498354,2498354,320000068,2501646,2501646,210840,4,260248.81545206413,326400004,19.69,19.7,19.212383316,0.384352,0,0.384358659,2
oracle,random,50,64,0,0,19.214327,6e-06,68,7.092e-06,0.082461433,2498354,2498354,320000068,2501646,2501646,210840,5,260208.23503215905,326400004,19.69,19.7,19.215379557,0.384294,0,0.384310718,2
astra_single_core,random,50,64,0,0,0.975446,1e-06,110,2.618e-06,0.091556659,2498354,2498354,320000110,2501646,2501646,210832,1,5125708.040961665,326400046,1.09,1.1,0.97547499,0.019845,0,0.019847344,2
astra_single_core,random,50,64,0,0,0.970486,1e-06,110,2.005e-06,0.086821933,2498354,2498354,320000110,2501646,2501646,210804,2,5151797.358856486,326400046,1.09,1.09,0.970535068,0.019845,0,0.019847816,2
astra_single_core,random,50,64,0,0,0.969487,1e-06,110,2.065e-06,0.103465481,2498354,2498354,320000110,2501646,2501646,210832,3,5157308.2364576645,326400046,1.1,1.11,0.969497996,0.019572,0,0.019575351,2
astra_single_core,random,50,64,0,0,0.98011,1e-06,110,2.823e-06,0.091773942,2498354,2498354,320000110,2501646,2501646,210840,4,5101287.3561840225,326400046,1.1,1.11,0.980144746,0.019984,0,0.019987208,2
astra_single_core,random,50,64,0,0,0.969375,2e-06,110,2.299e-06,0.092822678,2498354,2498354,320000110,2501646,2501646,210840,5,5157813.421253173,326400046,1.09,1.1,0.969403038,0.0197,0,0.019703021,2
deepseek_single_core,random,50,64,0,0,1.240716,1e-06,8,2.476e-06,0.088997117,2498354,2498354,320000008,2501646,2501646,210836,1,4029829.588460383,326399944,1.37,1.37,1.240747255,0.024857,0,0.024860231,1
deepseek_single_core,random,50,64,0,0,1.243951,1e-06,8,2.243e-06,0.085010757,2498354,2498354,320000008,2501646,2501646,210840,2,4019387.0116311037,326399944,1.36,1.37,1.243970781,0.025089,0,0.025090916,1
deepseek_single_core,random,50,64,0,0,1.240056,0.0,8,1.731e-06,0.083802887,2498354,2498354,320000008,2501646,2501646,210832,3,4031929.059104906,326399944,1.36,1.37,1.240101184,0.025047,0,0.025048407,1
deepseek_single_core,random,50,64,0,0,1.239118,1e-06,8,1.793e-06,0.089320831,2498354,2498354,320000008,2501646,2501646,210832,4,4034983.842532625,326399944,1.36,1.37,1.239162335,0.02508,0,0.025088759,1
deepseek_single_core,random,50,64,0,0,1.241683,0.0,8,1.678e-06,0.086231492,2498354,2498354,320000008,2501646,2501646,210840,5,4026735.688782039,326399944,1.36,1.37,1.24170057,0.024844,0,0.024845853,1
astra_multicore,random,50,64,0,0,0.988834,1e-06,110,2.663e-06,0.088564362,2498354,2498354,320000110,2501646,2501646,210804,1,5056355.371140342,326400046,1.11,1.11,0.988854547,0.020054,0,0.020056389,2
astra_multicore,random,50,64,0,0,0.990033,1e-06,110,2.426e-06,0.080959981,2498354,2498354,320000110,2501646,2501646,210832,2,5050281.190414668,326400046,1.1,1.11,0.990043883,0.019993,0,0.019995028,2
astra_multicore,random,50,64,0,0,0.99164,1e-06,110,2.165e-06,0.087560868,2498354,2498354,320000110,2501646,2501646,210840,3,5041803.910409197,326400046,1.11,1.11,0.991708541,0.020153,0,0.020153939,2
astra_multicore,random,50,64,0,0,0.995179,1e-06,110,2.446e-06,0.084878507,2498354,2498354,320000110,2501646,2501646,210812,4,5024034.81677028,326400046,1.11,1.12,0.995216033,0.020137,0,0.02013946,2
astra_multicore,random,50,64,0,0,0.994869,1e-06,110,2.471e-06,0.082433643,2498354,2498354,320000110,2501646,2501646,210840,5,5025697.95159286,326400046,1.11,1.11,0.99488669,0.019996,0,0.019998732,2
deepseek_multicore,random,50,64,0,0,1.300481,1e-06,8,2.036e-06,0.093672149,2498354,2498354,320000008,2501646,2501646,210840,1,3844673.821221718,326399944,1.4300000000000002,1.44,1.300500441,0.02633,0,0.026340845,1
deepseek_multicore,random,50,64,0,0,1.300563,1e-06,8,2.307e-06,0.08107771,2498354,2498354,320000008,2501646,2501646,210840,2,3844373.4074120917,326399944,1.4200000000000002,1.42,1.300602067,0.026259,0,0.026261203,1
deepseek_multicore,random,50,64,0,0,1.30048,1e-06,8,1.638e-06,0.086003984,2498354,2498354,320000008,2501646,2501646,210788,3,3844649.136247169,326399944,1.4200000000000002,1.43,1.300508791,0.026288,0,0.026298137,1
deepseek_multicore,random,50,64,0,0,1.302386,2e-06,8,2.504e-06,0.08310105,2498354,2498354,320000008,2501646,2501646,210832,4,3839034.6399120716,326399944,1.4200000000000002,1.43,1.302410754,0.026405,0,0.026406877,1
deepseek_multicore,random,50,64,0,0,1.301395,1e-06,8,2.033e-06,0.08393315,2498354,2498354,320000008,2501646,2501646,210840,5,3841962.8675579755,326399944,1.4200000000000002,1.43,1.301418096,0.026371,0,0.026383221,1
fixedlat,random,50,64,0,0,0.412743,0.0,0,1.132e-06,0.084874532,2498354,2498354,320000000,2501646,2501646,210808,1,12113869.941349365,326399936,0.51,0.52,0.412750015,0.008697,0,0.008698893,0
fixedlat,random,50,64,0,0,0.411563,1e-06,0,1.723e-06,0.082102882,2498354,2498354,320000000,2501646,2501646,210840,2,12148366.651010418,326399936,0.51,0.52,0.411577963,0.008647,0,0.008650053,0
fixedlat,random,50,64,0,0,0.412628,0.0,0,1.168e-06,0.084241076,2498354,2498354,320000000,2501646,2501646,210832,3,12116459.091326393,326399936,0.51,0.52,0.412661815,0.008605,0,0.008607448,0
fixedlat,random,50,64,0,0,0.412298,1e-06,0,1.522e-06,0.087313449,2498354,2498354,320000000,2501646,2501646,210840,4,12126747.297846012,326399936,0.52,0.52,0.412311717,0.008425,0,0.008427906,0
fixedlat,random,50,64,0,0,0.412348,1e-06,0,1.397e-06,0.085654967,2498354,2498354,320000000,2501646,2501646,210840,5,12125665.48865503,326399936,0.52,0.52,0.412348502,0.008553,0,0.008555165,0
md1,random,50,64,0,0,0.412095,1e-06,0,2.558e-06,0.101213047,2498354,2498354,320000000,2501646,2501646,210804,1,12131152.99085437,326399936,0.54,0.54,0.412161977,0.008333,0,0.008335411,0
md1,random,50,64,0,0,0.411968,1e-06,0,1.736e-06,0.082658365,2498354,2498354,320000000,2501646,2501646,210812,2,12136520.348299978,326399936,0.51,0.52,0.411979699,0.008356,0,0.008358413,0
md1,random,50,64,0,0,0.411723,1e-06,0,1.373e-06,0.080100071,2498354,2498354,320000000,2501646,2501646,210840,3,12143515.593764031,326399936,0.51,0.51,0.411742379,0.008462,0,0.008464097,0
md1,random,50,64,0,0,0.411671,1e-06,0,1.36e-06,0.084588331,2498354,2498354,320000000,2501646,2501646,210840,4,12144739.469907286,326399936,0.52,0.52,0.411700886,0.008564,0,0.008566527,0
md1,random,50,64,0,0,0.411733,0.0,0,1.627e-06,0.084508726,2498354,2498354,320000000,2501646,2501646,210832,5,12142331.064221453,326399936,0.52,0.52,0.411782546,0.008613,0,0.008616617,0
wmg1,random,50,64,0,0,0.69575,2e-06,0,2.013e-06,0.084537776,2498354,2498354,320000000,2501646,2501646,210768,1,7186351.136907915,326399936,0.8,0.81,0.695763386,0.014475,0,0.014483511,0
wmg1,random,50,64,0,0,0.689606,1e-06,0,1.607e-06,0.082646395,2498354,2498354,320000000,2501646,2501646,210804,2,7250244.7646381315,326399936,0.8,0.8,0.68963189,0.013987,0,0.013988378,0
wmg1,random,50,64,0,0,0.687684,1e-06,0,1.713e-06,0.082582373,2498354,2498354,320000000,2501646,2501646,210828,3,7270786.295344935,326399936,0.8,0.8,0.687683532,0.014147,0,0.014156034,0
wmg1,random,50,64,0,0,0.693046,1e-06,0,1.599e-06,0.085188293,2498354,2498354,320000000,2501646,2501646,210760,4,7214441.6048674835,326399936,0.8,0.81,0.693054331,0.014018,0,0.014019857,0
wmg1,random,50,64,0,0,0.689628,1e-06,0,1.601e-06,0.083171068,2498354,2498354,320000000,2501646,2501646,210840,5,7249913.8659483325,326399936,0.8,0.8,0.689663366,0.014172,0,0.014179881,0
mess,random,50,64,0,0,0.457006,0.0,0,1.79e-06,0.081382929,2498354,2498354,320000000,2501646,2501646,210840,1,10940366.847917475,326399936,0.56,0.56,0.457023066,0.00943,0,0.009431768,0
mess,random,50,64,0,0,0.457207,1e-06,0,1.617e-06,0.092612531,2498354,2498354,320000000,2501646,2501646,210840,2,10935133.896734176,326399936,0.5700000000000001,0.57,0.457241772,0.009206,0,0.009209079,0
mess,random,50,64,0,0,0.458302,0.0,0,1.55e-06,0.083686757,2498354,2498354,320000000,2501646,2501646,210832,3,10909479.04058559,326399936,0.56,0.57,0.458317027,0.009454,0,0.009455172,0
mess,random,50,64,0,0,0.458342,1e-06,0,1.687e-06,0.087298117,2498354,2498354,320000000,2501646,2501646,210784,4,10908421.251027055,326399936,0.56,0.57,0.45836147,0.009489,0,0.009491525,0
mess,random,50,64,0,0,0.458672,0.0,0,1.253e-06,0.082958954,2498354,2498354,320000000,2501646,2501646,210804,5,10900710.038895762,326399936,0.5700000000000001,0.57,0.458685717,0.009471,0,0.009473124,0
oracle,streaming,75,1,38352656,97764384636334,65.249394,0.000563,851,0.000564059,0.079496368,3749323,3749323,42601998,1250677,1250677,210792,1,76619.95114272209,43453505,66.63999999999999,66.65,65.257154637,1.302107,70,1.302127702,49
oracle,streaming,75,1,38352656,97764384636334,65.29296,0.000564,851,0.000565805,0.080297722,3749323,3749323,42601998,1250677,1250677,210840,2,76567.5208178651,43453505,66.69,66.7,65.301840083,1.304428,70,1.304478512,49
oracle,streaming,75,1,38352656,97764384636334,65.566055,0.000567,851,0.000568266,0.08175484,3749323,3749323,42601998,1250677,1250677,210804,3,76247.77189287083,43453505,66.96,66.98,65.575686684,1.30324,70,1.303285397,49
oracle,streaming,75,1,38352656,97764384636334,65.294619,0.000567,851,0.0005694,0.082078134,3749323,3749323,42601998,1250677,1250677,210800,4,76564.65383611387,43453505,66.69999999999999,66.71,65.304285326,1.304646,70,1.304685131,49
oracle,streaming,75,1,38352656,97764384636334,65.867414,0.000558,851,0.000559941,0.081556719,3749323,3749323,42601998,1250677,1250677,210840,5,75898.44744354572,43453505,67.27,67.28,65.877500376,1.305254,70,1.305297675,49
astra_single_core,streaming,75,1,39739812,101302782229743,1.066728,9e-06,654,1.0394e-05,0.091136879,3749323,3749323,43961109,1250677,1250677,210840,1,4686992.379684374,44840464,1.1900000000000002,1.2,1.066782191,0.021616,64,0.021619164,11
astra_single_core,streaming,75,1,39739812,101302782229743,1.056712,9e-06,654,1.0699e-05,0.081043004,3749323,3749323,43961109,1250677,1250677,210760,2,4731493.882569231,44840464,1.1700000000000002,1.17,1.056748698,0.02119,64,0.021192697,11
astra_single_core,streaming,75,1,39739812,101302782229743,1.058206,9e-06,654,9.267e-06,0.094285169,3749323,3749323,43961109,1250677,1250677,210840,3,4724929.444046091,44840464,1.1900000000000002,1.19,1.05821686,0.021157,64,0.021159713,11
astra_single_core,streaming,75,1,39739812,101302782229743,1.060583,8e-06,654,9.724e-06,0.089506857,3749323,3749323,43961109,1250677,1250677,210840,4,4714296.864810048,44840464,1.1800000000000002,1.19,1.060603552,0.021294,64,0.021301492,11
astra_single_core,streaming,75,1,39739812,101302782229743,1.054297,9e-06,654,9.046e-06,0.091656033,3749323,3749323,43961109,1250677,1250677,210836,5,4742427.805122833,44840464,1.1800000000000002,1.18,1.054312307,0.02143,64,0.021432629,11
deepseek_single_core,streaming,75,1,48458421,123541427994352,1.7604,9e-06,768,1.0256e-05,0.085212792,3749323,3749323,52507502,1250677,1250677,210836,1,2840162.7445516875,53559187,1.8900000000000001,1.9,1.760462498,0.035436,64,0.035445096,11
deepseek_single_core,streaming,75,1,48458421,123541427994352,1.754391,9e-06,768,1.5462e-05,0.105436137,3749323,3749323,52507502,1250677,1250677,210840,2,2849845.022862796,53559187,1.9100000000000001,1.91,1.75448137,0.035238,64,0.035241055,11
deepseek_single_core,streaming,75,1,48458421,123541427994352,1.766374,8e-06,768,9.282e-06,0.092340519,3749323,3749323,52507502,1250677,1250677,210780,3,2830572.5395962214,53559187,1.9000000000000001,1.91,1.766427085,0.035668,64,0.035679913,11
deepseek_single_core,streaming,75,1,48458421,123541427994352,1.756336,8e-06,768,9.763e-06,0.086235995,3749323,3749323,52507502,1250677,1250677,210840,4,2846769.307867802,53559187,1.8900000000000001,1.89,1.756376952,0.035269,64,0.035271537,11
deepseek_single_core,streaming,75,1,48458421,123541427994352,1.75439,9e-06,768,9.732e-06,0.084955224,3749323,3749323,52507502,1250677,1250677,210792,5,2849903.0773612517,53559187,1.8900000000000001,1.89,1.75444563,0.035196,64,0.035204506,11
astra_multicore,streaming,75,1,43780168,111608613346147,1.077325,8e-06,692,1.0016e-05,0.08315326,3749323,3749323,47921617,1250677,1250677,210832,1,4640966.699106374,48880858,1.19,1.2,1.077361749,0.021884,64,0.021886129,11
astra_multicore,streaming,75,1,43780168,111608613346147,1.066909,8e-06,692,9.176e-06,0.086026437,3749323,3749323,47921617,1250677,1250677,210812,2,4686327.360807187,48880858,1.1900000000000002,1.19,1.066933574,0.021804,64,0.021806204,11
astra_multicore,streaming,75,1,43780168,111608613346147,1.068075,9e-06,692,1.0957e-05,0.085205476,3749323,3749323,47921617,1250677,1250677,210792,3,4681155.450086584,48880858,1.1800000000000002,1.19,1.068112361,0.021774,64,0.021777014,11
astra_multicore,streaming,75,1,43780168,111608613346147,1.068742,8e-06,692,9.104e-06,0.08416725,3749323,3749323,47921617,1250677,1250677,210836,4,4678201.826801697,48880858,1.1900000000000002,1.19,1.068786723,0.021687,64,0.021690401,11
astra_multicore,streaming,75,1,43780168,111608613346147,1.06863,8e-06,692,9.369e-06,0.086260723,3749323,3749323,47921617,1250677,1250677,210832,5,4678754.848661492,48880858,1.1800000000000002,1.19,1.068660394,0.021495,64,0.021498014,11
deepseek_multicore,streaming,75,1,38279928,97584930483765,1.820272,8e-06,680,9.203e-06,0.082319331,3749323,3749323,42527751,1250677,1250677,210840,1,2746812.807450689,43380606,1.95,1.95,1.820291498,0.03671,64,0.036718149,11
deepseek_multicore,streaming,75,1,38279928,97584930483765,1.825119,9e-06,680,1.0437e-05,0.089878688,3749323,3749323,42527751,1250677,1250677,210840,2,2739496.490615414,43380606,1.96,1.97,1.825152913,0.036814,64,0.03682741,11
deepseek_multicore,streaming,75,1,38279928,97584930483765,1.826038,8e-06,680,1.0124e-05,0.085526159,3749323,3749323,42527751,1250677,1250677,210832,3,2738106.2027763342,43380606,1.96,1.97,1.826079644,0.037016,64,0.037018809,11
deepseek_multicore,streaming,75,1,38279928,97584930483765,1.840481,8e-06,680,9.597e-06,0.083367465,3749323,3749323,42527751,1250677,1250677,210836,4,2716632.1503519933,43380606,1.97,1.98,1.840514182,0.037177,64,0.037186551,11
deepseek_multicore,streaming,75,1,38279928,97584930483765,1.818863,8e-06,680,9.08e-06,0.086513325,3749323,3749323,42527751,1250677,1250677,210812,5,2748813.175996589,43380606,1.96,1.96,1.818966834,0.036779,64,0.036781228,11
fixedlat,streaming,75,1,0,0,1.931514,0.960782,35700028,0.96083806,0.085934293,3749323,3749323,40700028,1250677,1250677,953012,1,2588501.6331511694,40800027,2.15,2.16,1.931619411,0.015152,65375,0.015154165,0
fixedlat,streaming,75,1,0,0,1.933008,0.965707,35700028,0.965727069,0.084457402,3749323,3749323,40700028,1250677,1250677,952968,2,2586555.106627418,40800027,2.15,2.16,1.933073062,0.015006,65375,0.015008718,0
fixedlat,streaming,75,1,0,0,1.950954,0.978509,35700028,0.978534465,0.092725014,3749323,3749323,40700028,1250677,1250677,953040,3,2562767.780017459,40800027,2.1799999999999997,2.19,1.951015632,0.014923,65375,0.014926226,0
fixedlat,streaming,75,1,0,0,1.935464,0.959063,35700028,0.959171262,0.086173017,3749323,3749323,40700028,1250677,1250677,953040,4,2583198.1743773874,40800027,2.16,2.17,1.93558514,0.015047,65375,0.015049771,0
fixedlat,streaming,75,1,0,0,1.944127,0.965423,35700028,0.965491789,0.086492108,3749323,3749323,40700028,1250677,1250677,953036,5,2571741.4274471365,40800027,2.1799999999999997,2.18,1.9442079,0.014879,65375,0.014882253,0
md1,streaming,75,1,0,0,0.714795,4.1e-05,440,4.1399e-05,0.085258299,3749323,3749323,5000440,1250677,1250677,210836,1,6994901.867899149,5100439,0.8200000000000001,0.83,0.714806311,0.014427,343,0.014428259,0
md1,streaming,75,1,0,0,0.720261,4.1e-05,440,4.2288e-05,0.081470568,3749323,3749323,5000440,1250677,1250677,210832,2,6941606.821628089,5100439,0.8300000000000001,0.83,0.720294325,0.014494,343,0.014495304,0
md1,streaming,75,1,0,0,0.722598,4.1e-05,440,4.2073e-05,0.082254348,3749323,3749323,5000440,1250677,1250677,210840,3,6919228.7184458915,5100439,0.8300000000000001,0.83,0.722623894,0.01463,343,0.0146325,0
md1,streaming,75,1,0,0,0.723084,4.1e-05,440,4.226e-05,0.082121383,3749323,3749323,5000440,1250677,1250677,210780,4,6914506.035419247,5100439,0.8300000000000001,0.83,0.723117454,0.014587,343,0.01458957,0
md1,streaming,75,1,0,0,0.7645,4.2e-05,440,4.2659e-05,0.091094379,3749323,3749323,5000440,1250677,1250677,210840,5,6540180.175057393,5100439,0.89,0.89,0.764504932,0.015534,343,0.015535764,0
wmg1,streaming,75,1,0,0,1.277243,0.000368,3241,0.000369184,0.082813133,3749323,3749323,5003241,1250677,1250677,210840,1,3914556.78123721,5103240,1.4000000000000001,1.4,1.27728381,0.025644,2449,0.025646937,0
wmg1,streaming,75,1,0,0,1.276302,0.000367,3241,0.000368737,0.080975484,3749323,3749323,5003241,1250677,1250677,210828,2,3917503.279134367,5103240,1.3900000000000001,1.4,1.276323118,0.025548,2449,0.025556702,0
wmg1,streaming,75,1,0,0,1.274712,0.000369,3241,0.000369305,0.083506556,3749323,3749323,5003241,1250677,1250677,210804,3,3922339.1779042548,5103240,1.3900000000000001,1.4,1.274749524,0.025487,2449,0.025488775,0
wmg1,streaming,75,1,0,0,1.31004,0.000378,3241,0.000378239,0.086046642,3749323,3749323,5003241,1250677,1250677,210780,4,3816554.8107347833,5103240,1.4300000000000002,1.44,1.310082063,0.026632,2449,0.026634419,0
wmg1,streaming,75,1,0,0,1.303361,0.000374,3241,0.000375428,0.080058617,3749323,3749323,5003241,1250677,1250677,210832,5,3836130.264988378,5103240,1.4200000000000002,1.43,1.303396823,0.026086,2449,0.026088568,0
mess,streaming,75,1,0,0,1.200113,0.012894,69347,0.012896106,0.084826677,3749323,3749323,5069347,1250677,1250677,210800,1,4166165.324218768,5169346,1.31,1.32,1.200144404,0.015945,1315,0.015947051,0
mess,streaming,75,1,0,0,1.212422,0.012895,69347,0.012894701,0.081485918,3749323,3749323,5069347,1250677,1250677,210840,2,4123927.253731894,5169346,1.32,1.33,1.212436518,0.015835,1315,0.01583867,0
mess,streaming,75,1,0,0,1.199872,0.01296,69347,0.012960705,0.081334496,3749323,3749323,5069347,1250677,1250677,210804,3,4166988.5283330856,5169346,1.31,1.32,1.199907311,0.01603,1315,0.01603985,0
mess,streaming,75,1,0,0,1.204374,0.013115,69347,0.013115569,0.092020332,3749323,3749323,5069347,1250677,1250677,210840,4,4151295.922709645,5169346,1.33,1.33,1.204443165,0.016005,1315,0.016007062,0
mess,streaming,75,1,0,0,1.197368,0.01288,69347,0.012880009,0.082558676,3749323,3749323,5069347,1250677,1250677,210784,5,4175710.211056262,5169346,1.31,1.31,1.1974011,0.015731,1315,0.015733999,0
oracle,random,50,256,0,0,38.541637,5e-06,68,7.034e-06,0.081969269,2498354,2498354,1280000068,2501646,2501646,210792,1,129724.69024330421,1305599812,39.4,39.41,38.543163916,0.770588,0,0.77060421,1
oracle,random,50,256,0,0,39.240685,5e-06,68,7.206e-06,0.082461618,2498354,2498354,1280000068,2501646,2501646,210840,2,127413.11151157755,1305599812,40.12,40.13,39.24242914,0.785086,0,0.785102624,1
oracle,random,50,256,0,0,38.833082,4e-06,68,5.673e-06,0.084277888,2498354,2498354,1280000068,2501646,2501646,210784,3,128750.84727781416,1305599812,39.71,39.71,38.834695893,0.776853,0,0.776898258,1
oracle,random,50,256,0,0,38.851252,5e-06,68,7.223e-06,0.082519982,2498354,2498354,1280000068,2501646,2501646,210832,4,128691.04537145785,1305599812,39.72,39.73,38.852742128,0.777014,0,0.77704564,1
oracle,random,50,256,0,0,39.188753,5e-06,68,6.753e-06,0.085014138,2498354,2498354,1280000068,2501646,2501646,210832,5,127582.6323022857,1305599812,40.07,40.08,39.190287187,0.784102,0,0.784124487,1
astra_single_core,random,50,256,0,0,0.875387,1e-06,110,2.294e-06,0.088547454,2498354,2498354,1280000110,2501646,2501646,210836,1,5711713.902498755,1305599854,0.99,1.0,0.875393986,0.017957,0,0.017959903,1
astra_single_core,random,50,256,0,0,0.873794,1e-06,110,1.931e-06,0.090060101,2498354,2498354,1280000110,2501646,2501646,210840,2,5721989.631100193,1305599854,0.99,1.0,0.873821926,0.017748,0,0.017750836,1
astra_single_core,random,50,256,0,0,0.879092,5e-06,110,1.925e-06,0.090640534,2498354,2498354,1280000110,2501646,2501646,210836,3,5687670.982693985,1305599854,0.99,1.0,0.879094451,0.017968,0,0.017970197,1
astra_single_core,random,50,256,0,0,0.876451,1e-06,110,2.409e-06,0.091135086,2498354,2498354,1280000110,2501646,2501646,210832,4,5704574.214545306,1305599854,0.99,1.0,0.876489605,0.017796,0,0.017798814,1
astra_single_core,random,50,256,0,0,0.876604,1e-06,110,2.177e-06,0.088966555,2498354,2498354,1280000110,2501646,2501646,210840,5,5703582.033286317,1305599854,1.0,1.0,0.876642077,0.01797,0,0.017972336,1
deepseek_single_core,random,50,256,0,0,1.155889,1e-06,8,2.131e-06,0.083101595,2498354,2498354,1280000008,2501646,2501646,210796,1,4325573.445186272,1305599752,1.27,1.28,1.155916103,0.02324,0,0.023248096,1
deepseek_single_core,random,50,256,0,0,1.156566,1e-06,8,2.023e-06,0.090172621,2498354,2498354,1280000008,2501646,2501646,210832,2,4323040.569152293,1305599752,1.28,1.29,1.156593356,0.02346,0,0.023463023,1
deepseek_single_core,random,50,256,0,0,1.159042,1e-06,8,1.94e-06,0.083380205,2498354,2498354,1280000008,2501646,2501646,210760,3,4313618.953619293,1305599752,1.28,1.28,1.159119536,0.023455,0,0.023458602,1
deepseek_single_core,random,50,256,0,0,1.157597,1e-06,8,2.309e-06,0.086831735,2498354,2498354,1280000008,2501646,2501646,210760,4,4319183.119876337,1305599752,1.28,1.28,1.157626306,0.023406,0,0.023407752,1
deepseek_single_core,random,50,256,0,0,1.156119,1e-06,8,1.604e-06,0.084925245,2498354,2498354,1280000008,2501646,2501646,210840,5,4324767.7303698445,1305599752,1.28,1.28,1.156131453,0.023351,0,0.023353641,1
astra_multicore,random,50,256,0,0,0.875275,1e-06,110,2.364e-06,0.102167799,2498354,2498354,1280000110,2501646,2501646,210804,1,5712377.062219531,1305599854,1.0,1.01,0.87529236,0.017691,0,0.017693899,1
astra_multicore,random,50,256,0,0,0.874524,0.0,110,1.985e-06,0.087949237,2498354,2498354,1280000110,2501646,2501646,210760,2,5717315.368705152,1305599854,0.99,0.99,0.87453633,0.017742,0,0.017744455,1
astra_multicore,random,50,256,0,0,0.874124,1e-06,110,2.034e-06,0.083531177,2498354,2498354,1280000110,2501646,2501646,210792,3,5719855.585452249,1305599854,0.98,0.99,0.874147944,0.017615,0,0.017617589,1
astra_multicore,random,50,256,0,0,0.871241,1e-06,110,1.866e-06,0.085949506,2498354,2498354,1280000110,2501646,2501646,210832,4,5738731.21390757,1305599854,0.99,0.99,0.871272728,0.017748,0,0.017758687,1
astra_multicore,random,50,256,0,0,0.873767,1e-06,110,1.858e-06,0.081286947,2498354,2498354,1280000110,2501646,2501646,210824,5,5722228.730176537,1305599854,0.99,0.99,0.873785414,0.017799,0,0.017800944,1
deepseek_multicore,random,50,256,0,0,1.231594,1e-06,8,2.236e-06,0.082289245,2498354,2498354,1280000008,2501646,2501646,210840,1,4059630.143677139,1305599752,1.35,1.35,1.231639293,0.025102,0,0.025111215,1
deepseek_multicore,random,50,256,0,0,1.230517,1e-06,8,1.876e-06,0.081217666,2498354,2498354,1280000008,2501646,2501646,210840,2,4063186.344295109,1305599752,1.35,1.35,1.230561332,0.02502,0,0.025022188,1
deepseek_multicore,random,50,256,0,0,1.231431,1e-06,8,2.428e-06,0.08050829,2498354,2498354,1280000008,2501646,2501646,210804,3,4060241.9725564993,1305599752,1.34,1.35,1.2314537,0.024929,0,0.024937715,1
deepseek_multicore,random,50,256,0,0,1.230169,1e-06,8,2.141e-06,0.086746626,2498354,2498354,1280000008,2501646,2501646,210812,4,4064289.6754121054,1305599752,1.35,1.36,1.230227272,0.024936,0,0.024938834,1
deepseek_multicore,random,50,256,0,0,1.230296,0.0,8,1.974e-06,0.083522893,2498354,2498354,1280000008,2501646,2501646,210840,5,4063932.7364382823,1305599752,1.35,1.36,1.230335324,0.024943,0,0.024945474,1
fixedlat,random,50,256,0,0,0.410865,1e-06,0,1.659e-06,0.082815126,2498354,2498354,1280000000,2501646,2501646,210840,1,12169264.312553477,1305599744,0.51,0.52,0.410871181,0.008429,0,0.008437206,0
fixedlat,random,50,256,0,0,0.4113,1e-06,0,1.251e-06,0.080561352,2498354,2498354,1280000000,2501646,2501646,210840,2,12156225.025719473,1305599744,0.51,0.51,0.411311899,0.00851,0,0.008512388,0
fixedlat,random,50,256,0,0,0.411838,1e-06,0,1.46e-06,0.085986599,2498354,2498354,1280000000,2501646,2501646,210804,3,12140458.942612888,1305599744,0.52,0.52,0.411846045,0.008505,0,0.008509214,0
fixedlat,random,50,256,0,0,0.412405,1e-06,0,1.541e-06,0.086633287,2498354,2498354,1280000000,2501646,2501646,210840,4,12123807.321364045,1305599744,0.51,0.52,0.412411701,0.008565,0,0.008567009,0
fixedlat,random,50,256,0,0,0.412207,1e-06,0,1.367e-06,0.087763188,2498354,2498354,1280000000,2501646,2501646,210840,5,12129609.86914742,1305599744,0.52,0.52,0.412214412,0.008247,0,0.008249276,0
md1,random,50,256,0,0,0.413166,1e-06,0,2.067e-06,0.082023125,2498354,2498354,1280000000,2501646,2501646,210840,1,12101667.18061237,1305599744,0.52,0.52,0.413166213,0.008701,0,0.008703666,0
md1,random,50,256,0,0,0.4164,1e-06,0,1.376e-06,0.082568811,2498354,2498354,1280000000,2501646,2501646,210832,2,12007484.216882447,1305599744,0.51,0.52,0.41640696,0.008578,0,0.008580525,0
md1,random,50,256,0,0,0.41165,1e-06,0,1.31e-06,0.086130928,2498354,2498354,1280000000,2501646,2501646,210780,3,12145886.733028004,1305599744,0.51,0.52,0.411661998,0.008542,0,0.008543725,0
md1,random,50,256,0,0,0.413165,1e-06,0,1.446e-06,0.082030301,2498354,2498354,1280000000,2501646,2501646,210840,4,12101682.70436923,1305599744,0.52,0.52,0.413165683,0.00865,0,0.008651922,0
md1,random,50,256,0,0,0.412492,1e-06,0,1.521e-06,0.082547453,2498354,2498354,1280000000,2501646,2501646,210804,5,12121176.271915026,1305599744,0.52,0.52,0.41250122,0.008631,0,0.008633798,0
wmg1,random,50,256,0,0,0.65298,1e-06,0,2.833e-06,0.091365722,2498354,2498354,1280000000,2501646,2501646,210840,1,7656979.5900360625,1305599744,0.7699999999999999,0.77,0.652998998,0.013524,0,0.013527125,0
wmg1,random,50,256,0,0,0.658182,1e-06,0,1.625e-06,0.081970748,2498354,2498354,1280000000,2501646,2501646,210792,2,7596419.710763859,1305599744,0.76,0.77,0.658204811,0.013267,0,0.013269995,0
wmg1,random,50,256,0,0,0.65845,0.0,0,1.721e-06,0.082308283,2498354,2498354,1280000000,2501646,2501646,210832,3,7593530.602303447,1305599744,0.76,0.77,0.658455238,0.013224,0,0.013226685,0
wmg1,random,50,256,0,0,0.671051,1e-06,0,1.512e-06,0.083297996,2498354,2498354,1280000000,2501646,2501646,210832,4,7450539.518898399,1305599744,0.77,0.78,0.67109234,0.013854,0,0.013856552,0
wmg1,random,50,256,0,0,0.654531,1e-06,0,1.276e-06,0.085219163,2498354,2498354,1280000000,2501646,2501646,210840,5,7638980.276556264,1305599744,0.7699999999999999,0.77,0.654537624,0.013497,0,0.013500718,0
mess,random,50,256,0,0,0.442279,0.0,0,1.433e-06,0.083221171,2498354,2498354,1280000000,2501646,2501646,210780,1,11304627.620535621,1305599744,0.55,0.55,0.442296745,0.009034,0,0.00903733,0
mess,random,50,256,0,0,0.43962,1e-06,0,1.356e-06,0.081045026,2498354,2498354,1280000000,2501646,2501646,210796,2,11372920.854356196,1305599744,0.54,0.54,0.439640798,0.009046,0,0.009047943,0
mess,random,50,256,0,0,0.43874,1e-06,0,2.153e-06,0.08665343,2498354,2498354,1280000000,2501646,2501646,210832,3,11394811.454191184,1305599744,0.5499999999999999,0.55,0.438796203,0.009031,0,0.009033602,0
mess,random,50,256,0,0,0.448577,1e-06,0,1.487e-06,0.08498719,2498354,2498354,1280000000,2501646,2501646,210832,4,11145981.760889323,1305599744,0.55,0.56,0.448592157,0.009227,0,0.009230578,0
mess,random,50,256,0,0,0.440245,1e-06,0,1.645e-06,0.083248187,2498354,2498354,1280000000,2501646,2501646,210768,5,11356593.881665936,1305599744,0.54,0.55,0.440272854,0.009083,0,0.009085267,0
oracle,random,100,64,0,0,18.668865,6e-06,110,7.622e-06,0.081426383,5000000,5000000,320000110,0,0,210840,1,267807.330459346,326400046,19.13,19.14,18.670138683,0.371506,2,0.371519086,0
oracle,random,100,64,0,0,18.62372,6e-06,110,7.166e-06,0.084450625,5000000,5000000,320000110,0,0,210804,2,268453.948669303,326400046,19.09,19.1,18.625168394,0.371754,2,0.37177108,0
oracle,random,100,64,0,0,18.556502,6e-06,110,8.247e-06,0.082117023,5000000,5000000,320000110,0,0,210840,3,269425.79433757666,326400046,19.02,19.03,18.557985557,0.371665,2,0.371679787,0
oracle,random,100,64,0,0,18.532159,7e-06,110,8.475e-06,0.0872396,5000000,5000000,320000110,0,0,210840,4,269782.3339642551,326400046,19.0,19.01,18.533459647,0.370442,2,0.370454885,0
oracle,random,100,64,0,0,18.685842,6e-06,110,8.464e-06,0.08424872,5000000,5000000,320000110,0,0,210840,5,267561.155731887,326400046,19.16,19.16,18.687316499,0.371721,2,0.371723529,0
astra_single_core,random,100,64,0,0,0.899962,1e-06,110,1.752e-06,0.090825384,5000000,5000000,320000110,0,0,210840,1,5555627.346606713,326400046,1.02,1.02,0.89998837,0.018071,2,0.018074239,0
astra_single_core,random,100,64,0,0,0.904448,1e-06,110,2.968e-06,0.099146737,5000000,5000000,320000110,0,0,210796,2,5528040.666761396,326400046,1.03,1.04,0.904479598,0.018114,2,0.018117119,0
astra_single_core,random,100,64,0,0,0.90012,1e-06,110,2.238e-06,0.091069259,5000000,5000000,320000110,0,0,210780,3,5554619.676201711,326400046,1.02,1.02,0.900151638,0.018283,2,0.018287148,0
astra_single_core,random,100,64,0,0,0.899621,2e-06,110,3.693e-06,0.090439645,5000000,5000000,320000110,0,0,210836,4,5557891.500300522,326400046,1.02,1.02,0.899621736,0.018278,2,0.01828008,0
astra_single_core,random,100,64,0,0,0.902932,1e-06,110,1.736e-06,0.089014527,5000000,5000000,320000110,0,0,210764,5,5537350.181716507,326400046,1.02,1.03,0.902958967,0.018325,2,0.018327954,0
deepseek_single_core,random,100,64,0,0,1.19523,1e-06,110,2.208e-06,0.083759351,5000000,5000000,320000110,0,0,210836,1,4183188.2313341442,326400046,1.31,1.32,1.195260582,0.024412,2,0.024415358,0
deepseek_single_core,random,100,64,0,0,1.197001,1e-06,110,2.878e-06,0.091096525,5000000,5000000,320000110,0,0,210804,2,4176889.412061923,326400046,1.32,1.33,1.197063055,0.024183,2,0.0241868,0
deepseek_single_core,random,100,64,0,0,1.198806,2e-06,110,2.654e-06,0.088874726,5000000,5000000,320000110,0,0,210796,3,4170680.0460392027,326400046,1.32,1.33,1.198845259,0.024418,2,0.024420252,0
deepseek_single_core,random,100,64,0,0,1.197215,1e-06,110,2.49e-06,0.084728329,5000000,5000000,320000110,0,0,210832,4,4176194.91289245,326400046,1.31,1.32,1.197262126,0.024395,2,0.024397647,0
deepseek_single_core,random,100,64,0,0,1.195851,1e-06,110,2.692e-06,0.08531675,5000000,5000000,320000110,0,0,210776,5,4181012.036022339,326400046,1.32,1.32,1.195882709,0.024293,2,0.024295253,0
astra_multicore,random,100,64,0,0,0.931324,1e-06,110,7.967e-06,0.080892925,5000000,5000000,320000110,0,0,210840,1,5368701.053109581,326400046,1.04,1.05,0.931323974,0.019005,2,0.0190134,0
astra_multicore,random,100,64,0,0,0.929557,2e-06,110,3.172e-06,0.096742394,5000000,5000000,320000110,0,0,210840,2,5378876.59414801,326400046,1.05,1.06,0.929562133,0.018676,2,0.018694638,0
astra_multicore,random,100,64,0,0,0.930248,2e-06,110,2.329e-06,0.08393582,5000000,5000000,320000110,0,0,210840,3,5374803.228185076,326400046,1.04,1.05,0.930266614,0.018703,2,0.01870631,0
astra_multicore,random,100,64,0,0,0.928966,1e-06,110,2.742e-06,0.083181623,5000000,5000000,320000110,0,0,210836,4,5381844.748012923,326400046,1.04,1.05,0.929049468,0.018804,2,0.018806943,0
astra_multicore,random,100,64,0,0,0.929814,2e-06,110,2.163e-06,0.083729306,5000000,5000000,320000110,0,0,210840,5,5377354.548762234,326400046,1.05,1.05,0.929825243,0.018886,2,0.018888425,0
deepseek_multicore,random,100,64,0,0,1.274196,1e-06,110,2.198e-06,0.083444138,5000000,5000000,320000110,0,0,210808,1,3923909.619619741,326400046,1.3900000000000001,1.4,1.274239339,0.0258,2,0.025803337,0
deepseek_multicore,random,100,64,0,0,1.269679,0.0,110,1.873e-06,0.083144017,5000000,5000000,320000110,0,0,210804,2,3937852.8597226557,326400046,1.3900000000000001,1.39,1.269727483,0.025485,2,0.02548787,0
deepseek_multicore,random,100,64,0,0,1.275204,1e-06,110,2.095e-06,0.083101231,5000000,5000000,320000110,0,0,210800,3,3920753.916312878,326400046,1.3900000000000001,1.4,1.275264938,0.025871,2,0.025873214,0
deepseek_multicore,random,100,64,0,0,1.268536,1e-06,110,1.872e-06,0.083033189,5000000,5000000,320000110,0,0,210796,4,3941480.1598261064,326400046,1.3800000000000001,1.39,1.268558967,0.02583,2,0.025832381,0
deepseek_multicore,random,100,64,0,0,1.271058,2e-06,110,2.853e-06,0.089187044,5000000,5000000,320000110,0,0,210840,5,3933511.1591386884,326400046,1.4000000000000001,1.4,1.271128973,0.025729,2,0.025731886,0
fixedlat,random,100,64,0,0,0.555386,1e-06,43,1.741e-06,0.086045767,5000000,5000000,320000043,0,0,210840,1,9002563.400705794,326399979,0.6699999999999999,0.67,0.555397366,0.011298,1,0.011300536,0
fixedlat,random,100,64,0,0,0.552121,1e-06,43,1.397e-06,0.083038906,5000000,5000000,320000043,0,0,210804,2,9055845.466474324,326399979,0.6599999999999999,0.66,0.552129563,0.011435,1,0.011437113,0
fixedlat,random,100,64,0,0,0.554352,1e-06,43,1.649e-06,0.092460389,5000000,5000000,320000043,0,0,210796,3,9019521.008848289,326399979,0.6699999999999999,0.67,0.554353163,0.011167,1,0.011169949,0
fixedlat,random,100,64,0,0,0.54728,1e-06,43,2.41e-06,0.081646776,5000000,5000000,320000043,0,0,210840,4,9136088.510367017,326399979,0.6499999999999999,0.66,0.547280162,0.011408,1,0.011411439,0
fixedlat,random,100,64,0,0,0.552057,1e-06,43,1.824e-06,0.083218524,5000000,5000000,320000043,0,0,210792,5,9056852.493209843,326399979,0.6599999999999999,0.66,0.552068172,0.011412,1,0.011414767,0
md1,random,100,64,0,0,0.552677,1e-06,45,2.16e-06,0.085060542,5000000,5000000,320000045,0,0,210792,1,9046605.806229213,326399981,0.6599999999999999,0.66,0.552693475,0.011407,1,0.011410085,0
md1,random,100,64,0,0,0.552466,1e-06,45,2.038e-06,0.083330961,5000000,5000000,320000045,0,0,210800,2,9050248.774957873,326399981,0.6599999999999999,0.66,0.552471001,0.011485,1,0.011487582,0
md1,random,100,64,0,0,0.552748,1e-06,45,2.158e-06,0.083008607,5000000,5000000,320000045,0,0,210808,3,9045614.082950126,326399981,0.6599999999999999,0.66,0.55275407,0.01148,1,0.011482027,0
md1,random,100,64,0,0,0.555614,1e-06,45,1.556e-06,0.082437232,5000000,5000000,320000045,0,0,210840,4,8998795.845931228,326399981,0.6599999999999999,0.66,0.555629896,0.011489,1,0.011490649,0
md1,random,100,64,0,0,0.552982,1e-06,45,1.825e-06,0.085070492,5000000,5000000,320000045,0,0,210768,5,9041535.435862351,326399981,0.6599999999999999,0.66,0.553003418,0.011431,1,0.011433042,0
wmg1,random,100,64,0,0,0.905662,1e-06,43,2.016e-06,0.084064124,5000000,5000000,320000043,0,0,210840,1,5520757.027845025,326399979,1.02,1.02,0.905672895,0.018145,1,0.018147614,0
wmg1,random,100,64,0,0,0.907548,1e-06,43,1.95e-06,0.082816665,5000000,5000000,320000043,0,0,210840,2,5509153.291817926,326399979,1.02,1.02,0.907580482,0.018735,1,0.018737815,0
wmg1,random,100,64,0,0,0.904871,1e-06,43,2.172e-06,0.083401808,5000000,5000000,320000043,0,0,210764,3,5525486.087426652,326399979,1.02,1.02,0.904897763,0.018468,1,0.018470099,0
wmg1,random,100,64,0,0,0.905653,2e-06,43,2.265e-06,0.082984443,5000000,5000000,320000043,0,0,210840,4,5520717.759292327,326399979,1.02,1.02,0.905679337,0.018441,1,0.01844319,0
wmg1,random,100,64,0,0,0.909564,0.0,43,1.927e-06,0.086223559,5000000,5000000,320000043,0,0,210788,5,5497098.941215207,326399979,1.03,1.03,0.909570676,0.018377,1,0.018379248,0
mess,random,100,64,0,0,0.651306,2e-06,112,2.671e-06,0.083953561,5000000,5000000,320000112,0,0,210840,1,7676665.45894295,326400048,0.76,0.76,0.651324462,0.013315,2,0.013316782,0
mess,random,100,64,0,0,0.644387,1e-06,112,2.036e-06,0.082100106,5000000,5000000,320000112,0,0,210808,2,7759003.922912036,326400048,0.75,0.75,0.644412614,0.013419,2,0.013420853,0
mess,random,100,64,0,0,0.675523,2e-06,112,1.755e-06,0.084624357,5000000,5000000,320000112,0,0,210784,3,7401208.177367549,326400048,0.78,0.79,0.675565378,0.014017,2,0.014019978,0
mess,random,100,64,0,0,0.645037,1e-06,112,1.823e-06,0.080326645,5000000,5000000,320000112,0,0,210840,4,7751140.169853122,326400048,0.75,0.75,0.645066389,0.013213,2,0.013215051,0
mess,random,100,64,0,0,0.642859,1e-06,112,1.784e-06,0.097410641,5000000,5000000,320000112,0,0,210840,5,7777047.0671741385,326400048,0.76,0.77,0.642917544,0.013259,2,0.013262368,0
oracle,streaming,75,64,0,0,8.504652,1e-06,1,2.248e-06,0.082442994,3749323,3749323,320000001,1250677,1250677,210840,1,587900.7486433132,326399937,8.770000000000001,8.77,8.504836933,0.170645,1,0.170647536,0
oracle,streaming,75,64,0,0,8.787533,1e-06,1,2.709e-06,0.086541394,3749323,3749323,320000001,1250677,1250677,210780,2,568970.8232121447,326399937,9.06,9.07,8.787796836,0.175983,1,0.175991819,0
oracle,streaming,75,64,0,0,8.806196,1e-06,1,2.857e-06,0.080949765,3749323,3749323,320000001,1250677,1250677,210800,3,567769.8034426873,326399937,9.08,9.08,8.806385915,0.176534,1,0.176542667,0
oracle,streaming,75,64,0,0,8.544425,1e-06,1,3.096e-06,0.083911295,3749323,3749323,320000001,1250677,1250677,210836,4,585163.7940086179,326399937,8.81,8.82,8.544616142,0.171385,1,0.171397576,0
oracle,streaming,75,64,0,0,8.494197,1e-06,1,3.273e-06,0.082750222,3749323,3749323,320000001,1250677,1250677,210804,5,588624.5378130135,326399937,8.76,8.77,8.494379148,0.170441,1,0.17045422,0
astra_single_core,streaming,75,64,0,0,0.842148,1e-06,43,1.767e-06,0.087819707,3749323,3749323,320000043,1250677,1250677,210840,1,5937066.092493163,326399979,0.95,0.96,0.842166808,0.017321,1,0.01732381,0
astra_single_core,streaming,75,64,0,0,0.841705,1e-06,43,1.856e-06,0.086616632,3749323,3749323,320000043,1250677,1250677,210840,2,5940229.209351619,326399979,0.96,0.96,0.841718362,0.017161,1,0.017163228,0
astra_single_core,streaming,75,64,0,0,0.843291,1e-06,43,1.713e-06,0.086785121,3749323,3749323,320000043,1250677,1250677,210800,3,5929022.657094847,326399979,0.96,0.96,0.843309309,0.016997,1,0.017006049,0
astra_single_core,streaming,75,64,0,0,0.840939,1e-06,43,1.41e-06,0.088491638,3749323,3749323,320000043,1250677,1250677,210832,4,5945694.579976883,326399979,0.95,0.96,0.840944642,0.017176,1,0.017179225,0
astra_single_core,streaming,75,64,0,0,0.841226,0.0,43,2.126e-06,0.083689679,3749323,3749323,320000043,1250677,1250677,210780,5,5943627.792957506,326399979,0.95,0.96,0.841237065,0.017001,1,0.017002695,0
deepseek_single_core,streaming,75,64,0,0,1.142443,1e-06,8,2.589e-06,0.083514719,3749323,3749323,320000008,1250677,1250677,210792,1,4376366.722368974,326399944,1.26,1.27,1.142500233,0.022998,1,0.023000201,0
deepseek_single_core,streaming,75,64,0,0,1.151474,1e-06,8,2.232e-06,0.082165606,3749323,3749323,320000008,1250677,1250677,210836,2,4342116.897974389,326399944,1.26,1.27,1.151512066,0.023392,1,0.023394589,0
deepseek_single_core,streaming,75,64,0,0,1.141319,1e-06,8,2.257e-06,0.083666605,3749323,3749323,320000008,1250677,1250677,210840,3,4380781.218406353,326399944,1.25,1.26,1.14134894,0.023175,1,0.023177201,0
deepseek_single_core,streaming,75,64,0,0,1.141669,1e-06,8,2.587e-06,0.083389694,3749323,3749323,320000008,1250677,1250677,210832,4,4379449.125613771,326399944,1.26,1.26,1.141696103,0.023056,1,0.023058731,0
deepseek_single_core,streaming,75,64,0,0,1.140812,1e-06,8,2.066e-06,0.082426961,3749323,3749323,320000008,1250677,1250677,210840,5,4382704.652889716,326399944,1.26,1.26,1.140848037,0.023127,1,0.023129132,0
astra_multicore,streaming,75,64,0,0,0.841383,1e-06,43,2.104e-06,0.080778267,3749323,3749323,320000043,1250677,1250677,210832,1,5942272.5807903055,326399979,0.95,0.95,0.84142892,0.017063,1,0.017066116,0
astra_multicore,streaming,75,64,0,0,0.840955,1e-06,43,2.146e-06,0.081340544,3749323,3749323,320000043,1250677,1250677,210804,2,5945476.689717585,326399979,0.95,0.95,0.840975461,0.01722,1,0.017223006,0
astra_multicore,streaming,75,64,0,0,0.841665,0.0,43,1.741e-06,0.081873978,3749323,3749323,320000043,1250677,1250677,210804,3,5940601.856298832,326399979,0.95,0.96,0.841665562,0.017164,1,0.017173346,0
astra_multicore,streaming,75,64,0,0,0.84079,1e-06,43,1.834e-06,0.086757413,3749323,3749323,320000043,1250677,1250677,210788,4,5946586.223563438,326399979,0.95,0.96,0.840818549,0.01711,1,0.017112269,0
astra_multicore,streaming,75,64,0,0,0.841593,1e-06,43,1.833e-06,0.087923122,3749323,3749323,320000043,1250677,1250677,210804,5,5940930.000762946,326399979,0.96,0.96,0.841619073,0.017307,1,0.017310296,0
deepseek_multicore,streaming,75,64,0,0,1.211282,1e-06,8,2.24e-06,0.083880104,3749323,3749323,320000008,1250677,1250677,210808,1,4127672.377172892,326399944,1.33,1.33,1.211336449,0.024471,1,0.024474613,0
deepseek_multicore,streaming,75,64,0,0,1.212238,1e-06,8,3.017e-06,0.085015343,3749323,3749323,320000008,1250677,1250677,210796,2,4124375.6725294613,326399944,1.33,1.34,1.212304697,0.024403,1,0.024407108,0
deepseek_multicore,streaming,75,64,0,0,1.210911,1e-06,8,1.871e-06,0.082964408,3749323,3749323,320000008,1250677,1250677,210808,3,4129004.202573148,326399944,1.33,1.33,1.210945728,0.024447,1,0.024457272,0
deepseek_multicore,streaming,75,64,0,0,1.211302,1e-06,8,2.114e-06,0.081997751,3749323,3749323,320000008,1250677,1250677,210832,4,4127606.878558131,326399944,1.32,1.33,1.211355671,0.024366,1,0.024368335,0
deepseek_multicore,streaming,75,64,0,0,1.210798,1e-06,8,1.736e-06,0.084519239,3749323,3749323,320000008,1250677,1250677,210832,5,4129387.8845723406,326399944,1.33,1.34,1.210833213,0.02459,1,0.024593061,0
fixedlat,streaming,75,64,0,0,0.488528,1e-06,0,1.653e-06,0.082299115,3749323,3749323,320000000,1250677,1250677,210796,1,10234613.72028612,326399936,0.5900000000000001,0.59,0.488538223,0.010059,1,0.010067655,0
fixedlat,streaming,75,64,0,0,0.488386,1e-06,0,2.05e-06,0.085633991,3749323,3749323,320000000,1250677,1250677,210840,2,10237711.239584513,326399936,0.5900000000000001,0.6,0.488390411,0.010168,1,0.010171211,0
fixedlat,streaming,75,64,0,0,0.488395,0.0,0,1.292e-06,0.086476734,3749323,3749323,320000000,1250677,1250677,210784,3,10237453.747056002,326399936,0.5900000000000001,0.6,0.488402695,0.010093,1,0.010104333,0
fixedlat,streaming,75,64,0,0,0.490224,1e-06,0,1.424e-06,0.099210837,3749323,3749323,320000000,1250677,1250677,210820,4,10199106.446085151,326399936,0.61,0.61,0.490239025,0.009837,1,0.009846099,0
fixedlat,streaming,75,64,0,0,0.488674,1e-06,0,1.209e-06,0.084761998,3749323,3749323,320000000,1250677,1250677,210840,5,10231625.71197228,326399936,0.5900000000000001,0.6,0.488680894,0.009946,1,0.009948654,0
md1,streaming,75,64,0,0,0.489305,1e-06,0,1.884e-06,0.090182346,3749323,3749323,320000000,1250677,1250677,210840,1,10217882.300691975,326399936,0.6,0.6,0.489338187,0.009903,1,0.009904742,0
md1,streaming,75,64,0,0,0.487805,1e-06,0,1.728e-06,0.080395754,3749323,3749323,320000000,1250677,1250677,210832,2,10249998.425087743,326399936,0.5800000000000001,0.59,0.487804953,0.009828,1,0.009831132,0
md1,streaming,75,64,0,0,0.488823,1e-06,0,1.435e-06,0.08106745,3749323,3749323,320000000,1250677,1250677,210840,3,10228397.895209283,326399936,0.5900000000000001,0.59,0.488835109,0.009904,1,0.009906147,0
md1,streaming,75,64,0,0,0.489141,1e-06,0,1.555e-06,0.082388812,3749323,3749323,320000000,1250677,1250677,210840,4,10221998.229619415,326399936,0.5900000000000001,0.6,0.489141153,0.010033,1,0.010036166,0
md1,streaming,75,64,0,0,0.488354,0.0,0,1.361e-06,0.080896143,3749323,3749323,320000000,1250677,1250677,210812,5,10238249.61773601,326399936,0.5900000000000001,0.59,0.488364729,0.010139,1,0.01014144,0
wmg1,streaming,75,64,0,0,0.787961,1e-06,0,2.124e-06,0.08816515,3749323,3749323,320000000,1250677,1250677,210832,1,6345409.119409034,326399936,0.8999999999999999,0.91,0.787971257,0.016181,1,0.016183324,0
wmg1,streaming,75,64,0,0,0.801806,1e-06,0,1.727e-06,0.081042304,3749323,3749323,320000000,1250677,1250677,210832,2,6235648.60018475,326399936,0.9099999999999999,0.91,0.801841207,0.016282,1,0.01628405,0
wmg1,streaming,75,64,0,0,0.797303,0.0,0,1.4e-06,0.080275627,3749323,3749323,320000000,1250677,1250677,210840,3,6270909.280942726,326399936,0.9099999999999999,0.91,0.797332536,0.016236,1,0.016238498,0
wmg1,streaming,75,64,0,0,0.7868,1e-06,0,1.544e-06,0.081637096,3749323,3749323,320000000,1250677,1250677,210780,4,6354711.4902393,326399936,0.8899999999999999,0.9,0.786817782,0.016113,1,0.01611584,0
wmg1,streaming,75,64,0,0,0.790406,1e-06,0,1.395e-06,0.083935457,3749323,3749323,320000000,1250677,1250677,210788,5,6325662.642512878,326399936,0.8999999999999999,0.91,0.790431024,0.016089,1,0.01609162,0
mess,streaming,75,64,0,0,0.552163,1e-06,49,1.856e-06,0.084079195,3749323,3749323,320000049,1250677,1250677,210828,1,9054474.183124444,326399985,0.6599999999999999,0.66,0.552213182,0.01142,1,0.011421684,0
mess,streaming,75,64,0,0,0.553383,1e-06,49,1.788e-06,0.082419084,3749323,3749323,320000049,1250677,1250677,210836,2,9034973.716475416,326399985,0.6599999999999999,0.66,0.553405041,0.01147,1,0.011472095,0
mess,streaming,75,64,0,0,0.552986,1e-06,49,1.331e-06,0.0805781,3749323,3749323,320000049,1250677,1250677,210840,3,9041537.021800272,326399985,0.6599999999999999,0.66,0.553003321,0.011375,1,0.011378201,0
mess,streaming,75,64,0,0,0.552266,1e-06,49,1.658e-06,0.082803863,3749323,3749323,320000049,1250677,1250677,210784,4,9053453.915030615,326399985,0.6599999999999999,0.66,0.552275413,0.011098,1,0.0111069,0
mess,streaming,75,64,0,0,0.553108,0.0,49,1.619e-06,0.083508279,3749323,3749323,320000049,1250677,1250677,210800,5,9039280.713193897,326399985,0.6499999999999999,0.66,0.553141357,0.011575,1,0.011576895,0
oracle,streaming,75,4,23052643,58764297136334,65.299993,0.000561,851,0.000563211,0.082744677,3749323,3749323,42601998,1250677,1250677,210788,1,76567.62370754691,43453486,66.71,66.71,65.301752332,1.308954,70,1.308973399,49
oracle,streaming,75,4,23052643,58764297136334,65.366261,0.000563,851,0.000565387,0.078440428,3749323,3749323,42601998,1250677,1250677,210840,2,76484.92663845558,43453486,66.76,66.77,65.372357924,1.305249,70,1.305286812,49
oracle,streaming,75,4,23052643,58764297136334,65.301688,0.00057,851,0.000571439,0.085047198,3749323,3749323,42601998,1250677,1250677,210840,3,76565.62266769193,43453486,66.7,66.71,65.303458991,1.302047,70,1.302194299,49
oracle,streaming,75,4,23052643,58764297136334,65.428075,0.00056,851,0.00056126,0.078139898,3749323,3749323,42601998,1250677,1250677,210836,4,76411.7938500633,43453486,66.82,66.83,65.434925004,1.301553,70,1.301584037,49
oracle,streaming,75,4,23052643,58764297136334,65.612433,0.000565,851,0.000567048,0.082050694,3749323,3749323,42601998,1250677,1250677,210836,5,76196.58258170156,43453486,67.00999999999999,67.02,65.619740815,1.304431,70,1.304459059,49
astra_single_core,streaming,75,4,24439818,62302789729743,1.057817,8e-06,654,9.193e-06,0.087888849,3749323,3749323,43961109,1250677,1250677,210840,1,4726553.7187647885,44840464,1.1700000000000002,1.18,1.057853205,0.021413,64,0.021416227,11
astra_single_core,streaming,75,4,24439818,62302789729743,1.060413,9e-06,654,9.595e-06,0.091625154,3749323,3749323,43961109,1250677,1250677,210832,2,4715051.226023369,44840464,1.1900000000000002,1.19,1.060433866,0.021313,64,0.021315093,11
astra_single_core,streaming,75,4,24439818,62302789729743,1.053462,9e-06,654,9.293e-06,0.09643829,3749323,3749323,43961109,1250677,1250677,210840,3,4746106.167778919,44840464,1.1800000000000002,1.19,1.053495186,0.021699,64,0.021703281,11
astra_single_core,streaming,75,4,24439818,62302789729743,1.051377,8e-06,654,9.321e-06,0.087326437,3749323,3749323,43961109,1250677,1250677,210840,4,4755522.302956862,44840464,1.1700000000000002,1.18,1.051409221,0.021496,64,0.021498218,11
astra_single_core,streaming,75,4,24439818,62302789729743,1.055695,8e-06,654,9.454e-06,0.093651275,3749323,3749323,43961109,1250677,1250677,210832,5,4735965.037939148,44840464,1.1800000000000002,1.19,1.055751037,0.021481,64,0.021484231,11
deepseek_single_core,streaming,75,4,33158427,84541435494352,1.758588,9e-06,768,1.0014e-05,0.084255408,3749323,3749323,52507502,1250677,1250677,210832,1,2843156.250530604,53559187,1.8900000000000001,1.89,1.75860894,0.035286,64,0.035294432,11
deepseek_single_core,streaming,75,4,33158427,84541435494352,1.762284,8e-06,768,9.463e-06,0.096702501,3749323,3749323,52507502,1250677,1250677,210836,2,2837159.819671892,53559187,1.9000000000000001,1.91,1.762325818,0.035505,64,0.035515744,11
deepseek_single_core,streaming,75,4,33158427,84541435494352,1.757456,9e-06,768,9.985e-06,0.086197943,3749323,3749323,52507502,1250677,1250677,210804,3,2844961.4248664742,53559187,1.8900000000000001,1.9,1.757493074,0.035461,64,0.035463224,11
deepseek_single_core,streaming,75,4,33158427,84541435494352,1.758281,8e-06,768,9.855e-06,0.082830155,3749323,3749323,52507502,1250677,1250677,210780,4,2843600.308170065,53559187,1.8900000000000001,1.89,1.758334315,0.035659,64,0.035661869,11
deepseek_single_core,streaming,75,4,33158427,84541435494352,1.758702,8e-06,768,1.0341e-05,0.090238355,3749323,3749323,52507502,1250677,1250677,210840,5,2842951.7258791197,53559187,1.9000000000000001,1.9,1.758735456,0.035383,64,0.035386798,11
astra_multicore,streaming,75,4,28480174,72608620846147,1.066072,9e-06,692,8.894e-06,0.08505037,3749323,3749323,47921617,1250677,1250677,210840,1,4689972.89226622,48880858,1.1800000000000002,1.19,1.066104243,0.021533,64,0.021535165,11
astra_multicore,streaming,75,4,28480174,72608620846147,1.0654,8e-06,692,9.307e-06,0.085388823,3749323,3749323,47921617,1250677,1250677,210804,2,4692981.653352323,48880858,1.1900000000000002,1.19,1.065420743,0.021654,64,0.021657505,11
astra_multicore,streaming,75,4,28480174,72608620846147,1.073918,8e-06,692,9.184e-06,0.08521587,3749323,3749323,47921617,1250677,1250677,210832,3,4655711.0999561725,48880858,1.1900000000000002,1.2,1.073949799,0.021867,64,0.021869984,11
astra_multicore,streaming,75,4,28480174,72608620846147,1.076806,9e-06,692,9.985e-06,0.084838281,3749323,3749323,47921617,1250677,1250677,210796,4,4643238.743121668,48880858,1.1900000000000002,1.2,1.076834571,0.021877,64,0.02188046,11
astra_multicore,streaming,75,4,28480174,72608620846147,1.071438,9e-06,692,9.492e-06,0.083904474,3749323,3749323,47921617,1250677,1250677,210840,5,4666395.080606417,48880858,1.1900000000000002,1.19,1.071490929,0.021727,64,0.021733479,11
deepseek_multicore,streaming,75,4,22979928,58584911224610,1.819436,9e-06,680,9.665e-06,0.085565888,3749323,3749323,42527751,1250677,1250677,210812,1,2747953.8257669373,43380600,1.95,1.96,1.819535668,0.036688,64,0.036690566,11
deepseek_multicore,streaming,75,4,22979928,58584911224610,1.822232,9e-06,680,9.1e-06,0.083725581,3749323,3749323,42527751,1250677,1250677,210764,2,2743817.0661602123,43380600,1.95,1.96,1.82227892,0.036598,64,0.036601086,11
deepseek_multicore,streaming,75,4,22979928,58584911224610,1.826011,8e-06,680,9.448e-06,0.088019556,3749323,3749323,42527751,1250677,1250677,210840,3,2738116.865372072,43380600,1.96,1.97,1.826072533,0.036688,64,0.03669031,11
deepseek_multicore,streaming,75,4,22979928,58584911224610,1.82691,8e-06,680,9.571e-06,0.086056578,3749323,3749323,42527751,1250677,1250677,210840,4,2736779.6104686297,43380600,1.96,1.97,1.826964795,0.036901,64,0.036903684,11
deepseek_multicore,streaming,75,4,22979928,58584911224610,1.821139,9e-06,680,9.667e-06,0.085069299,3749323,3749323,42527751,1250677,1250677,210832,5,2745442.8683472527,43380600,1.95,1.96,1.821199799,0.036753,64,0.036756298,11
fixedlat,streaming,75,4,0,0,1.653221,0.607272,20400031,0.607293027,0.085636456,3749323,3749323,40400031,1250677,1250677,600028,1,3024293.2610431756,40800027,1.82,1.83,1.653278822,0.018603,37381,0.018605395,0
fixedlat,streaming,75,4,0,0,1.656102,0.607375,20400031,0.607375628,0.08212469,3749323,3749323,40400031,1250677,1250677,600020,2,3019104.720772617,40800027,1.83,1.83,1.656120096,0.018426,37381,0.0184274,0
fixedlat,streaming,75,4,0,0,1.657577,0.606211,20400031,0.606240454,0.084153286,3749323,3749323,40400031,1250677,1250677,599976,3,3016365.8824933614,40800027,1.83,1.84,1.657623841,0.018562,37381,0.018564094,0
fixedlat,streaming,75,4,0,0,1.67922,0.607619,20400031,0.607638698,0.083733172,3749323,3749323,40400031,1250677,1250677,600024,4,2977471.9553077742,40800027,1.86,1.86,1.679276942,0.019206,37381,0.019208511,0
fixedlat,streaming,75,4,0,0,1.662696,0.60783,20400031,0.607844343,0.089197683,3749323,3749323,40400031,1250677,1250677,600024,5,3007000.4624616364,40800027,1.84,1.85,1.662786575,0.018558,37381,0.018561155,0
md1,streaming,75,4,0,0,0.719516,9e-06,437,1.0895e-05,0.082616423,3749323,3749323,20000437,1250677,1250677,210764,1,6948767.475363253,20400433,0.8200000000000001,0.83,0.719552067,0.014796,94,0.014799424,0
md1,streaming,75,4,0,0,0.709657,1e-05,437,1.0383e-05,0.083188906,3749323,3749323,20000437,1250677,1250677,210796,2,7045546.301845799,20400433,0.8200000000000001,0.82,0.709668177,0.014427,94,0.014429769,0
md1,streaming,75,4,0,0,0.715717,1e-05,437,1.0842e-05,0.0816903,3749323,3749323,20000437,1250677,1250677,210840,3,6985778.578309503,20400433,0.8200000000000001,0.83,0.715739834,0.014539,94,0.014541862,0
md1,streaming,75,4,0,0,0.714001,1e-05,437,1.0546e-05,0.083745798,3749323,3749323,20000437,1250677,1250677,210840,4,7002313.56720353,20400433,0.8200000000000001,0.83,0.714049714,0.014592,94,0.014594388,0
md1,streaming,75,4,0,0,0.713467,1e-05,437,1.0738e-05,0.083246545,3749323,3749323,20000437,1250677,1250677,210840,5,7007875.303100242,20400433,0.8200000000000001,0.83,0.713483015,0.014521,94,0.014522629,0
wmg1,streaming,75,4,0,0,1.143788,2.1e-05,838,2.1821e-05,0.085534799,3749323,3749323,20000838,1250677,1250677,210840,1,4371305.742308349,20400834,1.26,1.27,1.143822989,0.023276,173,0.02327838,0
wmg1,streaming,75,4,0,0,1.142182,2e-05,838,2.1212e-05,0.082570158,3749323,3749323,20000838,1250677,1250677,210836,2,4377446.14481194,20400834,1.26,1.26,1.142218507,0.023221,173,0.023229028,0
wmg1,streaming,75,4,0,0,1.14373,2.1e-05,838,2.1479e-05,0.083313202,3749323,3749323,20000838,1250677,1250677,210804,3,4371628.134804043,20400834,1.26,1.27,1.143738636,0.023065,173,0.023072968,0
wmg1,streaming,75,4,0,0,1.147095,2e-05,838,2.0542e-05,0.083634788,3749323,3749323,20000838,1250677,1250677,210840,4,4358744.894525827,20400834,1.27,1.27,1.14711921,0.023175,173,0.023177284,0
wmg1,streaming,75,4,0,0,1.142687,2e-05,838,2.0626e-05,0.085076927,3749323,3749323,20000838,1250677,1250677,210808,5,4375475.607635337,20400834,1.26,1.27,1.142732916,0.023076,173,0.023078964,0
mess,streaming,75,4,0,0,1.032252,0.002639,69209,0.002639433,0.085060202,3749323,3749323,20069209,1250677,1250677,210840,1,4843547.112287674,20469205,1.1400000000000001,1.15,1.032301304,0.015262,317,0.015264048,0
mess,streaming,75,4,0,0,1.031176,0.002625,69209,0.002626221,0.08233622,3749323,3749323,20069209,1250677,1250677,210796,2,4848625.852401759,20469205,1.1500000000000001,1.15,1.03122001,0.015383,317,0.015385561,0
mess,streaming,75,4,0,0,1.030474,0.002627,69209,0.002628364,0.085185831,3749323,3749323,20069209,1250677,1250677,210840,3,4852023.788777826,20469205,1.1400000000000001,1.15,1.030497833,0.015641,317,0.015643488,0
mess,streaming,75,4,0,0,1.02853,0.00263,69209,0.002631042,0.085875402,3749323,3749323,20069209,1250677,1250677,210832,4,4861043.88624989,20469205,1.1400000000000001,1.15,1.028585653,0.015143,317,0.015144911,0
mess,streaming,75,4,0,0,1.032755,0.002606,69209,0.002606664,0.082011982,3749323,3749323,20069209,1250677,1250677,210840,5,4841271.145569764,20469205,1.1400000000000001,1.15,1.032786607,0.015533,317,0.015535428,0
oracle,streaming,50,4,25617863,65306486063767,65.752789,0.000613,838,0.000614263,0.083185169,2498354,2498354,45116450,2501646,2501646,210840,1,76034.05598761843,46018677,67.14999999999999,67.17,65.76000629,1.306256,69,1.30628301,36
oracle,streaming,50,4,25617863,65306486063767,65.710453,0.000613,838,0.00061446,0.083290929,2498354,2498354,45116450,2501646,2501646,210836,2,76089.14557668335,46018677,67.11,67.12,65.71239514,1.304754,69,1.304772739,36
oracle,streaming,50,4,25617863,65306486063767,65.625875,0.000607,838,0.000608632,0.079699034,2498354,2498354,45116450,2501646,2501646,210832,3,76181.12013781842,46018677,67.02999999999999,67.04,65.633059621,1.307979,69,1.308003177,36
oracle,streaming,50,4,25617863,65306486063767,66.036148,0.000605,838,0.000606094,0.079353281,2498354,2498354,45116450,2501646,2501646,210832,4,75708.7836821959,46018677,67.42999999999999,67.44,66.042535051,1.30262,69,1.302650429,36
oracle,streaming,50,4,25617863,65306486063767,65.825339,0.000627,838,0.000629592,0.078753089,2498354,2498354,45116450,2501646,2501646,210840,5,75949.66955826274,46018677,67.22,67.23,65.833071152,1.303302,69,1.303330974,36
astra_single_core,streaming,50,4,28479435,72599110833921,1.103202,1.4e-05,1202,1.5049e-05,0.076781203,2498354,2498354,47922979,2501646,2501646,210840,1,4532186.195432015,48880633,1.22,1.22,1.103220341,0.02236,64,0.022369366,53
astra_single_core,streaming,50,4,28479435,72599110833921,1.108323,1.3e-05,1202,1.4455e-05,0.087824267,2498354,2498354,47922979,2501646,2501646,210832,2,4511172.0574466,48880633,1.23,1.23,1.10835941,0.022534,64,0.022537576,53
astra_single_core,streaming,50,4,28479435,72599110833921,1.109649,1.3e-05,1202,1.4429e-05,0.080887991,2498354,2498354,47922979,2501646,2501646,210832,3,4505787.813762888,48880633,1.22,1.23,1.109683857,0.022602,64,0.022605832,53
astra_single_core,streaming,50,4,28479435,72599110833921,1.108095,1.3e-05,1202,1.4349e-05,0.089857812,2498354,2498354,47922979,2501646,2501646,210832,4,4512044.80614985,48880633,1.23,1.23,1.108145024,0.022483,64,0.02248594,53
astra_single_core,streaming,50,4,28479435,72599110833921,1.109584,1.4e-05,1202,1.4324e-05,0.093627214,2498354,2498354,47922979,2501646,2501646,210840,5,4506074.160932492,48880633,1.23,1.24,1.10961334,0.02245,64,0.022452566,53
deepseek_single_core,streaming,50,4,45915949,117059089354542,2.099013,1.3e-05,1640,1.4784e-05,0.083117129,2498354,2498354,65017916,2501646,2501646,210836,1,2382022.478462012,66317585,2.2399999999999998,2.24,2.099056598,0.042418,64,0.042427432,53
deepseek_single_core,streaming,50,4,45915949,117059089354542,2.097427,1.4e-05,1640,1.4644e-05,0.083409799,2498354,2498354,65017916,2501646,2501646,210840,2,2383818.3958630557,66317585,2.23,2.24,2.097475214,0.042213,64,0.042215913,53
deepseek_single_core,streaming,50,4,45915949,117059089354542,2.121277,1.3e-05,1640,1.4461e-05,0.084902797,2498354,2498354,65017916,2501646,2501646,210812,3,2357035.0801985785,66317585,2.27,2.27,2.121309115,0.04251,64,0.042513581,53
deepseek_single_core,streaming,50,4,45915949,117059089354542,2.098994,1.3e-05,1640,1.474e-05,0.093073035,2498354,2498354,65017916,2501646,2501646,210840,4,2382029.6107404456,66317585,2.24,2.25,2.099050313,0.042151,64,0.042154627,53
deepseek_single_core,streaming,50,4,45915949,117059089354542,2.102706,1.3e-05,1640,1.5194e-05,0.086395572,2498354,2498354,65017916,2501646,2501646,210832,5,2377802.923233915,66317585,2.2399999999999998,2.25,2.102781501,0.042365,64,0.042368814,53
astra_multicore,streaming,50,4,36559796,93202640937294,1.117594,1.4e-05,1405,1.5259e-05,0.106599754,2498354,2498354,55845023,2501646,2501646,210800,1,4473776.619678862,56961197,1.26,1.26,1.117623973,0.022469,64,0.022473053,53
astra_multicore,streaming,50,4,36559796,93202640937294,1.115807,1.3e-05,1405,1.4417e-05,0.082825013,2498354,2498354,55845023,2501646,2501646,210808,2,4480938.401704836,56961197,1.23,1.24,1.1158377,0.022797,64,0.022799652,53
astra_multicore,streaming,50,4,36559796,93202640937294,1.109794,1.4e-05,1405,1.4031e-05,0.084859913,2498354,2498354,55845023,2501646,2501646,210840,3,4505167.08876328,56961197,1.23,1.23,1.10983675,0.022663,64,0.02266616,53
astra_multicore,streaming,50,4,36559796,93202640937294,1.128098,1.4e-05,1405,1.4843e-05,0.086476396,2498354,2498354,55845023,2501646,2501646,210840,4,4432149.826293234,56961197,1.24,1.25,1.128120708,0.022789,64,0.022792275,53
astra_multicore,streaming,50,4,36559796,93202640937294,1.114689,1.4e-05,1405,1.4173e-05,0.086556378,2498354,2498354,55845023,2501646,2501646,210840,5,4485423.150738305,56961197,1.23,1.24,1.11472203,0.022678,64,0.022680308,53
deepseek_multicore,streaming,50,4,25559550,65163679796549,2.185192,1.3e-05,1130,1.4221e-05,0.081860256,2498354,2498354,45056394,2501646,2501646,210840,1,2288031.742329289,45960676,2.32,2.33,2.185284368,0.044072,64,0.044074086,53
deepseek_multicore,streaming,50,4,25559550,65163679796549,2.180994,1.4e-05,1130,1.5187e-05,0.086601129,2498354,2498354,45056394,2501646,2501646,210836,2,2292444.368962504,45960676,2.32,2.33,2.181078009,0.043714,64,0.043716126,53
deepseek_multicore,streaming,50,4,25559550,65163679796549,2.179952,1.4e-05,1130,1.4725e-05,0.087521264,2498354,2498354,45056394,2501646,2501646,210784,3,2293505.0776477703,45960676,2.32,2.33,2.180069296,0.044089,64,0.044091541,53
deepseek_multicore,streaming,50,4,25559550,65163679796549,2.18998,1.4e-05,1130,1.5288e-05,0.084782476,2498354,2498354,45056394,2501646,2501646,210840,4,2283037.9807431316,45960676,2.3299999999999996,2.34,2.19006431,0.044178,64,0.044180412,53
deepseek_multicore,streaming,50,4,25559550,65163679796549,2.18574,1.4e-05,1130,1.5524e-05,0.082632237,2498354,2498354,45056394,2501646,2501646,210804,5,2287489.838987292,45960676,2.3299999999999996,2.33,2.185802059,0.044112,64,0.044120683,53
fixedlat,streaming,50,4,0,0,1.218695,0.388906,20400023,0.388938187,0.087443013,2498354,2498354,40400023,2501646,2501646,559828,1,4102583.407848898,40800019,1.37,1.38,1.218744265,0.013893,24973,0.01389559,0
fixedlat,streaming,50,4,0,0,1.217894,0.39269,20400023,0.392690252,0.084921985,2498354,2498354,40400023,2501646,2501646,559776,2,4105203.75784342,40800019,1.36,1.37,1.217966341,0.013899,24973,0.01390096,0
fixedlat,streaming,50,4,0,0,1.217253,0.386365,20400023,0.386375537,0.086560986,2498354,2498354,40400023,2501646,2501646,559776,3,4107414.7951405714,40800019,1.37,1.38,1.217310705,0.013974,24973,0.013976569,0
fixedlat,streaming,50,4,0,0,1.219951,0.39295,20400023,0.39296526,0.085333461,2498354,2498354,40400023,2501646,2501646,559824,4,4098260.8765222826,40800019,1.3800000000000001,1.38,1.220029703,0.014279,24973,0.014281429,0
fixedlat,streaming,50,4,0,0,1.221075,0.389997,20400023,0.39012863,0.084282876,2498354,2498354,40400023,2501646,2501646,559832,5,4094254.4842881104,40800019,1.3800000000000001,1.38,1.221223551,0.013849,24973,0.013852303,0
md1,streaming,50,4,0,0,0.576439,7e-06,433,8.003e-06,0.083660591,2498354,2498354,20000433,2501646,2501646,210804,1,8673851.872759562,20400429,0.6799999999999999,0.69,0.576445168,0.011756,61,0.011758274,0
md1,streaming,50,4,0,0,0.578165,6e-06,433,6.584e-06,0.08499686,2498354,2498354,20000433,2501646,2501646,210832,2,8647955.106956836,20400429,0.69,0.69,0.578171364,0.011841,61,0.011843547,0
md1,streaming,50,4,0,0,0.5733,6e-06,433,6.553e-06,0.083098728,2498354,2498354,20000433,2501646,2501646,210836,3,8721149.630316572,20400429,0.6799999999999999,0.68,0.57331891,0.011783,61,0.011786,0
md1,streaming,50,4,0,0,0.575424,7e-06,433,7.06e-06,0.081666462,2498354,2498354,20000433,2501646,2501646,210840,4,8688904.40097752,20400429,0.6799999999999999,0.68,0.575446543,0.011841,61,0.01184367,0
md1,streaming,50,4,0,0,0.576839,6e-06,433,6.737e-06,0.083459236,2498354,2498354,20000433,2501646,2501646,210840,5,8667815.281630857,20400429,0.6799999999999999,0.69,0.576846626,0.011823,61,0.011826093,0
wmg1,streaming,50,4,0,0,0.956332,1.4e-05,834,1.4965e-05,0.08508541,2498354,2498354,20000834,2501646,2501646,210820,1,5228250.872410774,20400830,1.08,1.08,0.956342785,0.01941,112,0.019412596,0
wmg1,streaming,50,4,0,0,0.965497,1.3e-05,834,1.3662e-05,0.082828188,2498354,2498354,20000834,2501646,2501646,210784,2,5178522.145685852,20400830,1.07,1.08,0.96552643,0.019607,112,0.019616454,0
wmg1,streaming,50,4,0,0,0.958725,1.3e-05,834,1.3895e-05,0.087453556,2498354,2498354,20000834,2501646,2501646,210840,3,5214965.677792046,20400830,1.07,1.08,0.958779081,0.019552,112,0.019554316,0
wmg1,streaming,50,4,0,0,0.962296,1.3e-05,834,1.455e-05,0.083296256,2498354,2498354,20000834,2501646,2501646,210796,4,5195746.723491454,20400830,1.08,1.08,0.962325584,0.019444,112,0.019446768,0
wmg1,streaming,50,4,0,0,0.958832,1.3e-05,834,1.3959e-05,0.084277461,2498354,2498354,20000834,2501646,2501646,210808,5,5214520.399810253,20400830,1.08,1.08,0.958860953,0.019558,112,0.019560464,0
mess,streaming,50,4,0,0,0.791725,0.002381,97030,0.002381082,0.087303602,2498354,2498354,20097030,2501646,2501646,210832,1,6315146.067989741,20497026,0.8999999999999999,0.91,0.791747324,0.012739,289,0.01274835,0
mess,streaming,50,4,0,0,0.79494,0.002364,97030,0.002364128,0.08323633,2498354,2498354,20097030,2501646,2501646,210840,2,6289737.982774405,20497026,0.8999999999999999,0.91,0.794945674,0.012674,289,0.012676764,0
mess,streaming,50,4,0,0,0.795612,0.002371,97030,0.002371533,0.082792609,2498354,2498354,20097030,2501646,2501646,210840,3,6284365.297505573,20497026,0.8999999999999999,0.91,0.795625296,0.012617,289,0.012625816,0
mess,streaming,50,4,0,0,0.789815,0.002374,97030,0.002374657,0.080334626,2498354,2498354,20097030,2501646,2501646,210840,4,6330424.12151391,20497026,0.8899999999999999,0.9,0.789836495,0.012648,289,0.012650023,0
mess,streaming,50,4,0,0,0.791558,0.002387,97030,0.002387893,0.083811415,2498354,2498354,20097030,2501646,2501646,210840,5,6316613.52179669,20497026,0.8999999999999999,0.9,0.791563388,0.01257,289,0.012572468,0
oracle,streaming,75,256,0,0,28.530199,2e-06,1,2.666e-06,0.084567053,3749323,3749323,1280000001,1250677,1250677,210840,1,175242.4691534028,1305599745,29.19,29.2,28.531896544,0.570884,1,0.570891093,0
oracle,streaming,75,256,0,0,29.170675,1e-06,1,3.295e-06,0.080797283,3749323,3749323,1280000001,1250677,1250677,210804,2,171387.1537171563,1305599745,29.85,29.86,29.173715133,0.584252,1,0.584262485,0
oracle,streaming,75,256,0,0,29.794814,2e-06,1,3.614e-06,0.092008489,3749323,3749323,1280000001,1250677,1250677,210840,3,167804.0814149313,1305599745,30.49,30.5,29.796653084,0.596305,1,0.596316888,0
oracle,streaming,75,256,0,0,29.736752,1e-06,1,3.086e-06,0.082701737,3749323,3749323,1280000001,1250677,1250677,210780,4,168132.28158259913,1305599745,30.42,30.43,29.738488962,0.595135,1,0.595155486,0
oracle,streaming,75,256,0,0,29.732752,2e-06,1,3.573e-06,0.082482303,3749323,3749323,1280000001,1250677,1250677,210840,5,168156.09163679153,1305599745,30.42,30.43,29.734278142,0.596013,1,0.596014815,0
astra_single_core,streaming,75,256,0,0,0.841798,1e-06,43,2.069e-06,0.088272976,3749323,3749323,1280000043,1250677,1250677,210832,1,5939620.222797459,1305599787,0.96,0.96,0.841804663,0.017229,1,0.017232039,0
astra_single_core,streaming,75,256,0,0,0.836757,1e-06,43,1.766e-06,0.079532038,3749323,3749323,1280000043,1250677,1250677,210788,2,5975358.167868376,1305599787,0.94,0.95,0.836769924,0.016969,1,0.016972382,0
astra_single_core,streaming,75,256,0,0,0.837824,1e-06,43,2.912e-06,0.097693656,3749323,3749323,1280000043,1250677,1250677,210832,3,5967631.867904187,1305599787,0.96,0.97,0.837853291,0.017119,1,0.017128437,0
astra_single_core,streaming,75,256,0,0,0.835993,1e-06,43,1.888e-06,0.09164137,3749323,3749323,1280000043,1250677,1250677,210840,4,5980654.181752827,1305599787,0.95,0.96,0.836028944,0.017029,1,0.017031907,0
astra_single_core,streaming,75,256,0,0,0.835926,2e-06,43,2.002e-06,0.092120008,3749323,3749323,1280000043,1250677,1250677,210812,5,5981270.810822447,1305599787,0.95,0.96,0.835942755,0.01701,1,0.017012596,0
deepseek_single_core,streaming,75,256,0,0,1.127951,2e-06,8,2.335e-06,0.091047275,3749323,3749323,1280000008,1250677,1250677,210840,1,4432663.146846664,1305599752,1.25,1.26,1.127990067,0.022993,1,0.022996054,0
deepseek_single_core,streaming,75,256,0,0,1.129614,1e-06,8,2.016e-06,0.08270091,3749323,3749323,1280000008,1250677,1250677,210780,2,4426209.621454575,1305599752,1.25,1.25,1.129634705,0.023078,1,0.023080211,0
deepseek_single_core,streaming,75,256,0,0,1.134216,2e-06,8,2.776e-06,0.091676223,3749323,3749323,1280000008,1250677,1250677,210840,3,4408251.205203537,1305599752,1.26,1.26,1.134236632,0.023097,1,0.023107359,0
deepseek_single_core,streaming,75,256,0,0,1.130636,1e-06,8,1.838e-06,0.084780732,3749323,3749323,1280000008,1250677,1250677,210836,4,4422170.7369520115,1305599752,1.25,1.25,1.13066643,0.023049,1,0.023052472,0
deepseek_single_core,streaming,75,256,0,0,1.128159,2e-06,8,8.251e-06,0.085474625,3749323,3749323,1280000008,1250677,1250677,210836,5,4431910.4776633065,1305599752,1.25,1.25,1.128181633,0.022877,1,0.022883423,0
astra_multicore,streaming,75,256,0,0,0.837732,1e-06,43,1.774e-06,0.083091378,3749323,3749323,1280000043,1250677,1250677,210840,1,5968211.113694061,1305599787,0.95,0.95,0.837771973,0.01683,1,0.016832639,0
astra_multicore,streaming,75,256,0,0,0.837565,2e-06,43,3.409e-06,0.081948204,3749323,3749323,1280000043,1250677,1250677,210840,2,5969414.570260502,1305599787,0.94,0.95,0.837603075,0.017051,1,0.017053634,0
astra_multicore,streaming,75,256,0,0,0.837154,1e-06,43,2.589e-06,0.097086709,3749323,3749323,1280000043,1250677,1250677,210840,3,5972239.872845375,1305599787,0.96,0.97,0.837206828,0.017215,1,0.017218315,0
astra_multicore,streaming,75,256,0,0,0.839893,1e-06,43,1.752e-06,0.082993561,3749323,3749323,1280000043,1250677,1250677,210812,4,5953004.933601653,1305599787,0.95,0.96,0.839911953,0.017263,1,0.017264784,0
astra_multicore,streaming,75,256,0,0,0.837441,0.0,43,1.795e-06,0.082589112,3749323,3749323,1280000043,1250677,1250677,210840,5,5970301.237996888,1305599787,0.95,0.95,0.83747868,0.016994,1,0.017002969,0
deepseek_multicore,streaming,75,256,0,0,1.202712,1e-06,8,2.327e-06,0.081108864,3749323,3749323,1280000008,1250677,1250677,210832,1,4157116.647306309,1305599752,1.32,1.32,1.202756724,0.02442,1,0.02442235,0
deepseek_multicore,streaming,75,256,0,0,1.202937,1e-06,8,2.113e-06,0.081839954,3749323,3749323,1280000008,1250677,1250677,210840,2,4156434.197628966,1305599752,1.32,1.32,1.202954206,0.024428,1,0.024430077,0
deepseek_multicore,streaming,75,256,0,0,1.203031,2e-06,8,3.133e-06,0.089453946,3749323,3749323,1280000008,1250677,1250677,210840,3,4156077.7977998396,1305599752,1.33,1.33,1.203057364,0.024385,1,0.024387674,0
deepseek_multicore,streaming,75,256,0,0,1.204562,0.0,8,1.758e-06,0.083173002,3749323,3749323,1280000008,1250677,1250677,210784,4,4150732.8300198424,1305599752,1.32,1.33,1.204606561,0.024423,1,0.0244406,0
deepseek_multicore,streaming,75,256,0,0,1.203976,1e-06,8,2.19e-06,0.088818218,3749323,3749323,1280000008,1250677,1250677,210840,5,4152836.109736555,1305599752,1.33,1.33,1.203996466,0.024491,1,0.024493407,0
fixedlat,streaming,75,256,0,0,0.490914,0.0,0,1.567e-06,0.082554082,3749323,3749323,1280000000,1250677,1250677,210840,1,10184673.98810696,1305599744,0.6000000000000001,0.6,0.490933731,0.010235,1,0.010243596,0
fixedlat,streaming,75,256,0,0,0.489429,1e-06,0,1.459e-06,0.085097619,3749323,3749323,1280000000,1250677,1250677,210840,2,10215627.084205007,1305599744,0.5900000000000001,0.6,0.489446214,0.009972,1,0.009975189,0
fixedlat,streaming,75,256,0,0,0.490357,1e-06,0,1.51e-06,0.089296298,3749323,3749323,1280000000,1250677,1250677,210832,3,10196128.527551018,1305599744,0.6000000000000001,0.6,0.490382206,0.010065,1,0.010069301,0
fixedlat,streaming,75,256,0,0,0.489086,1e-06,0,1.471e-06,0.083085827,3749323,3749323,1280000000,1250677,1250677,210840,4,10223149.893561674,1305599744,0.5900000000000001,0.6,0.48908605,0.010133,1,0.010136375,0
fixedlat,streaming,75,256,0,0,0.488709,0.0,0,1.355e-06,0.08864419,3749323,3749323,1280000000,1250677,1250677,210840,5,10230802.69367868,1305599744,0.6,0.6,0.488720206,0.010141,1,0.010144074,0
md1,streaming,75,256,0,0,0.489101,1e-06,0,2.191e-06,0.087640787,3749323,3749323,1280000000,1250677,1250677,210808,1,10222360.79927118,1305599744,0.5900000000000001,0.6,0.489123804,0.010029,1,0.010030876,0
md1,streaming,75,256,0,0,0.489873,1e-06,0,1.234e-06,0.080993395,3749323,3749323,1280000000,1250677,1250677,210832,2,10205898.720020885,1305599744,0.5900000000000001,0.6,0.489912759,0.009821,1,0.009822321,0
md1,streaming,75,256,0,0,0.493332,1e-06,0,1.573e-06,0.083675465,3749323,3749323,1280000000,1250677,1250677,210808,3,10134947.76186442,1305599744,0.5900000000000001,0.6,0.493342454,0.010075,1,0.010078119,0
md1,streaming,75,256,0,0,0.489517,1e-06,0,1.722e-06,0.08404007,3749323,3749323,1280000000,1250677,1250677,210828,4,10213602.440186504,1305599744,0.5900000000000001,0.6,0.489543237,0.01017,1,0.010172161,0
md1,streaming,75,256,0,0,0.490012,1e-06,0,1.52e-06,0.083184872,3749323,3749323,1280000000,1250677,1250677,210832,5,10202867.7204383,1305599744,0.6000000000000001,0.6,0.490058299,0.009864,1,0.009865668,0
wmg1,streaming,75,256,0,0,0.758693,1e-06,0,2.121e-06,0.085550062,3749323,3749323,1280000000,1250677,1250677,210836,1,6590135.067862858,1305599744,0.8700000000000001,0.88,0.758709791,0.015491,1,0.015493959,0
wmg1,streaming,75,256,0,0,0.762222,1e-06,0,1.793e-06,0.082392605,3749323,3749323,1280000000,1250677,1250677,210840,2,6559472.90615554,1305599744,0.8700000000000001,0.87,0.762256369,0.015556,1,0.015558064,0
wmg1,streaming,75,256,0,0,0.756827,0.0,0,1.835e-06,0.08114942,3749323,3749323,1280000000,1250677,1250677,210812,3,6606364.49386254,1305599744,0.8600000000000001,0.87,0.756845918,0.015474,1,0.015476472,0
wmg1,streaming,75,256,0,0,0.754311,1e-06,0,1.596e-06,0.082671188,3749323,3749323,1280000000,1250677,1250677,210840,4,6628468.1568860365,1305599744,0.8600000000000001,0.87,0.754322097,0.015476,1,0.015478607,0
wmg1,streaming,75,256,0,0,0.761464,1e-06,0,1.574e-06,0.082772664,3749323,3749323,1280000000,1250677,1250677,210812,5,6565682.331648916,1305599744,0.8700000000000001,0.88,0.761535473,0.015349,1,0.01535108,0
mess,streaming,75,256,0,0,0.521295,1e-06,0,2.128e-06,0.082940942,3749323,3749323,1280000000,1250677,1250677,210832,1,9591201.305080133,1305599744,0.6300000000000001,0.63,0.521311131,0.010461,1,0.010463386,0
mess,streaming,75,256,0,0,0.518238,1e-06,0,1.341e-06,0.080327871,3749323,3749323,1280000000,1250677,1250677,210804,2,9647784.975756457,1305599744,0.6200000000000001,0.62,0.518253673,0.010582,1,0.010583985,0
mess,streaming,75,256,0,0,0.519177,1e-06,0,1.574e-06,0.081581455,3749323,3749323,1280000000,1250677,1250677,210796,3,9630337.028532816,1305599744,0.6200000000000001,0.63,0.519192629,0.010688,1,0.010690205,0
mess,streaming,75,256,0,0,0.519379,1e-06,0,1.5e-06,0.08350326,3749323,3749323,1280000000,1250677,1250677,210832,4,9626771.01203348,1305599744,0.6200000000000001,0.63,0.519384952,0.01038,1,0.010382676,0
mess,streaming,75,256,0,0,0.517922,1e-06,0,1.233e-06,0.081313582,3749323,3749323,1280000000,1250677,1250677,210832,5,9653648.261185648,1305599744,0.6200000000000001,0.62,0.517938904,0.010708,1,0.010710668,0
oracle,random,50,1,43202602,110132647551532,85.052899,0.001126,1474,0.001127451,0.083277228,2498354,2498354,47356130,2501646,2501646,210836,1,58785.41377869073,48304073,86.80999999999999,86.81,85.055112801,1.657474,69,1.657517779,37
oracle,random,50,1,43202602,110132647551532,84.048823,0.001176,1474,0.001177965,0.076396992,2498354,2498354,47356130,2501646,2501646,210840,2,59482.56211084644,48304073,85.77999999999999,85.8,84.058248713,1.647858,69,1.647887501,37
oracle,random,50,1,43202602,110132647551532,85.487454,0.001131,1474,0.00113296,0.091189279,2498354,2498354,47356130,2501646,2501646,210840,3,58481.23745200311,48304073,87.24,87.25,85.497506856,1.644898,69,1.645093933,37
oracle,random,50,1,43202602,110132647551532,84.222335,0.00114,1474,0.00114154,0.079876141,2498354,2498354,47356130,2501646,2501646,210808,4,59358.074884714995,48304073,85.96,85.98,84.234537756,1.648499,69,1.648545773,37
oracle,random,50,1,43202602,110132647551532,84.325107,0.001139,1474,0.001139976,0.098379608,2498354,2498354,47356130,2501646,2501646,210832,5,59286.78920964487,48304073,86.09,86.1,84.335820284,1.645158,69,1.645205688,37
astra_single_core,random,50,1,43779473,111599227422993,1.156728,1.4e-05,1161,1.5072e-05,0.090329963,2498354,2498354,47922952,2501646,2501646,210840,1,4322457.422720256,48880633,1.28,1.29,1.156749393,0.02343,64,0.0234329,54
astra_single_core,random,50,1,43779473,111599227422993,1.157941,1.4e-05,1161,1.4461e-05,0.092419504,2498354,2498354,47922952,2501646,2501646,210828,2,4317792.345657971,48880633,1.29,1.29,1.157999181,0.023383,64,0.023385307,54
astra_single_core,random,50,1,43779473,111599227422993,1.159183,1.4e-05,1161,1.5544e-05,0.092494423,2498354,2498354,47922952,2501646,2501646,210832,3,4313242.549452117,48880633,1.29,1.29,1.159220689,0.02367,64,0.02367274,54
astra_single_core,random,50,1,43779473,111599227422993,1.157154,1.3e-05,1161,1.4699e-05,0.092248281,2498354,2498354,47922952,2501646,2501646,210840,4,4320877.726924081,48880633,1.28,1.29,1.157172296,0.023521,64,0.023523516,54
astra_single_core,random,50,1,43779473,111599227422993,1.159452,1.4e-05,1161,1.462e-05,0.093943169,2498354,2498354,47922952,2501646,2501646,210832,5,4312301.0843856335,48880633,1.28,1.29,1.159473771,0.023505,64,0.023507549,54
deepseek_single_core,random,50,1,62788966,160075754409435,2.148055,1.4e-05,1658,1.4551e-05,0.08480029,2498354,2498354,66560632,2501646,2501646,210840,1,2327592.822035745,67890623,2.28,2.29,2.148142043,0.043326,64,0.043328785,52
deepseek_single_core,random,50,1,62788966,160075754409435,2.144443,1.3e-05,1658,1.4232e-05,0.091038729,2498354,2498354,66560632,2501646,2501646,210840,2,2331578.7624914055,67890623,2.29,2.29,2.144469696,0.043254,64,0.043256833,52
deepseek_single_core,random,50,1,62788966,160075754409435,2.155998,1.4e-05,1658,1.5069e-05,0.10466798,2498354,2498354,66560632,2501646,2501646,210784,3,2319054.7081814166,67890623,2.32,2.32,2.156050904,0.043111,64,0.04311359,52
deepseek_single_core,random,50,1,62788966,160075754409435,2.153929,1.3e-05,1658,1.4722e-05,0.08324831,2498354,2498354,66560632,2501646,2501646,210828,4,2321312.402510044,67890623,2.29,2.3,2.153953942,0.043145,64,0.043147105,52
deepseek_single_core,random,50,1,62788966,160075754409435,2.154887,1.4e-05,1658,1.4976e-05,0.083900662,2498354,2498354,66560632,2501646,2501646,210812,5,2320216.083431529,67890623,2.3000000000000003,2.3,2.154971701,0.043419,64,0.043422478,52
astra_multicore,random,50,1,51859832,132202729596957,1.173652,1.4e-05,1366,1.4702e-05,0.085085136,2498354,2498354,55845014,2501646,2501646,210840,1,4260043.119815655,56961197,1.29,1.3,1.17369704,0.023844,64,0.023847524,54
astra_multicore,random,50,1,51859832,132202729596957,1.168112,1.3e-05,1366,1.4884e-05,0.08810357,2498354,2498354,55845014,2501646,2501646,210840,2,4280121.069969935,56961197,1.29,1.3,1.168191254,0.023536,64,0.023538531,54
astra_multicore,random,50,1,51859832,132202729596957,1.180919,1.4e-05,1366,1.6186e-05,0.091018658,2498354,2498354,55845014,2501646,2501646,210808,3,4233928.907693254,56961197,1.3,1.31,1.18093622,0.023833,64,0.023836519,54
astra_multicore,random,50,1,51859832,132202729596957,1.16597,1.3e-05,1366,1.4613e-05,0.084813023,2498354,2498354,55845014,2501646,2501646,210840,4,4288182.311062374,56961197,1.28,1.29,1.165995202,0.023644,64,0.023647285,54
astra_multicore,random,50,1,51859832,132202729596957,1.169563,1.4e-05,1366,1.4613e-05,0.094732464,2498354,2498354,55845014,2501646,2501646,210840,5,4274985.36958932,56961197,1.3,1.3,1.169594646,0.023644,64,0.023647664,54
deepseek_multicore,random,50,1,43705869,111420065191152,2.228574,1.4e-05,1198,1.4904e-05,0.082579533,2498354,2498354,47847627,2501646,2501646,210768,1,2243467.725982113,48807066,2.36,2.37,2.228692636,0.045031,64,0.045032915,51
deepseek_multicore,random,50,1,43705869,111420065191152,2.222109,1.4e-05,1198,1.4872e-05,0.087118876,2498354,2498354,47847627,2501646,2501646,210800,2,2250045.334813424,48807066,2.36,2.37,2.222177448,0.044737,64,0.044738978,51
deepseek_multicore,random,50,1,43705869,111420065191152,2.231921,1.4e-05,1198,1.6666e-05,0.089456733,2498354,2498354,47847627,2501646,2501646,210832,3,2240131.1558440705,48807066,2.3699999999999997,2.38,2.232012169,0.044951,64,0.044954176,51
deepseek_multicore,random,50,1,43705869,111420065191152,2.225713,1.4e-05,1198,1.4763e-05,0.081491907,2498354,2498354,47847627,2501646,2501646,210832,4,2246430.1619990063,48807066,2.36,2.37,2.225753591,0.044842,64,0.044843788,51
deepseek_multicore,random,50,1,43705869,111420065191152,2.21751,1.4e-05,1198,1.5096e-05,0.087551735,2498354,2498354,47847627,2501646,2501646,210840,5,2254731.3201980074,48807066,2.36,2.37,2.217559119,0.044749,64,0.044757011,51
fixedlat,random,50,1,0,0,1.434974,0.620317,35700020,0.620316556,0.086011682,2498354,2498354,40700020,2501646,2501646,953048,1,3484301.7932513882,40800019,1.6099999999999999,1.62,1.435007728,0.012856,43612,0.012859558,0
fixedlat,random,50,1,0,0,1.410477,0.607998,35700020,0.608021274,0.085178727,2498354,2498354,40700020,2501646,2501646,953044,2,3544825.9892847906,40800019,1.5899999999999999,1.6,1.410506472,0.012552,43612,0.01256125,0
fixedlat,random,50,1,0,0,1.45924,0.641091,35700020,0.641103302,0.091064808,2498354,2498354,40700020,2501646,2501646,953004,3,3426371.8607363435,40800019,1.65,1.65,1.459269514,0.01255,43612,0.012553131,0
fixedlat,random,50,1,0,0,1.424861,0.616249,35700020,0.616276833,0.085842198,2498354,2498354,40700020,2501646,2501646,953052,4,3509034.5459699817,40800019,1.6099999999999999,1.61,1.424893353,0.012472,43612,0.012475136,0
fixedlat,random,50,1,0,0,1.434666,0.626452,35700020,0.62648994,0.084343657,2498354,2498354,40700020,2501646,2501646,953004,5,3484978.70118326,40800019,1.62,1.63,1.434728998,0.012785,43612,0.012786701,0
md1,random,50,1,0,0,0.558549,2.9e-05,439,3.017e-05,0.097767579,2498354,2498354,5000439,2501646,2501646,210828,1,8951082.970672598,5100438,0.6799999999999999,0.68,0.558591627,0.011396,222,0.0113989,0
md1,random,50,1,0,0,0.561655,2.9e-05,439,2.9201e-05,0.082128924,2498354,2498354,5000439,2501646,2501646,210804,2,8902066.099037224,5100438,0.6599999999999999,0.67,0.561667364,0.011124,222,0.011125692,0
md1,random,50,1,0,0,0.562458,2.8e-05,439,2.9267e-05,0.081624134,2498354,2498354,5000439,2501646,2501646,210840,3,8889093.377543654,5100438,0.6699999999999999,0.67,0.56248706,0.011415,222,0.011417443,0
md1,random,50,1,0,0,0.558508,2.8e-05,439,2.8929e-05,0.083871466,2498354,2498354,5000439,2501646,2501646,210840,4,8952228.539752211,5100438,0.6599999999999999,0.67,0.558520147,0.011443,222,0.011444666,0
md1,random,50,1,0,0,0.56127,2.8e-05,439,2.9184e-05,0.084673225,2498354,2498354,5000439,2501646,2501646,210840,5,8908195.744260566,5100438,0.6699999999999999,0.67,0.561280886,0.011404,222,0.011406962,0
wmg1,random,50,1,0,0,1.052543,0.000235,3240,0.000236817,0.095655698,2498354,2498354,5003240,2501646,2501646,210812,1,4750140.631476001,5103239,1.1800000000000002,1.19,1.052600415,0.021265,1616,0.021268703,0
wmg1,random,50,1,0,0,1.03898,0.000231,3240,0.000231635,0.08091497,2498354,2498354,5003240,2501646,2501646,210796,2,4812310.92773242,5103239,1.1600000000000001,1.16,1.039001859,0.020909,1616,0.020910995,0
wmg1,random,50,1,0,0,1.044877,0.00024,3240,0.000241319,0.082115185,2498354,2498354,5003240,2501646,2501646,210840,3,4785064.707506522,5103239,1.1600000000000001,1.16,1.044917949,0.021163,1616,0.021164832,0
wmg1,random,50,1,0,0,1.045244,0.000237,3240,0.000237172,0.085822319,2498354,2498354,5003240,2501646,2501646,210840,4,4783475.374871589,5103239,1.1600000000000001,1.17,1.045265128,0.021163,1616,0.021165987,0
wmg1,random,50,1,0,0,1.046506,0.000228,3240,0.000229289,0.083471722,2498354,2498354,5003240,2501646,2501646,210840,5,4777730.03254133,5103239,1.1700000000000002,1.17,1.046522086,0.021197,1616,0.021199798,0
mess,random,50,1,0,0,0.860751,0.011497,97225,0.011497521,0.095432519,2498354,2498354,5097225,2501646,2501646,210840,1,5808744.172826134,5197224,0.98,0.99,0.860771253,0.012729,1193,0.012731572,0
mess,random,50,1,0,0,0.857373,0.011512,97225,0.011512557,0.080647356,2498354,2498354,5097225,2501646,2501646,210804,2,5831654.8392231185,5197224,0.96,0.97,0.857389564,0.012472,1193,0.01247459,0
mess,random,50,1,0,0,0.856348,0.011466,97225,0.011467747,0.083079174,2498354,2498354,5097225,2501646,2501646,210840,3,5838556.002444211,5197224,0.96,0.97,0.856376131,0.012756,1193,0.012758055,0
mess,random,50,1,0,0,0.854927,0.011427,97225,0.01142745,0.081457802,2498354,2498354,5097225,2501646,2501646,210840,4,5848300.9269348765,5197224,0.96,0.97,0.854949166,0.012674,1193,0.012675356,0
mess,random,50,1,0,0,0.856667,0.011482,97225,0.011482468,0.086923437,2498354,2498354,5097225,2501646,2501646,210840,5,5836428.188872381,5197224,0.97,0.97,0.856688344,0.012518,1193,0.012519931,0
oracle,random,50,4,27900256,71135526873185,84.501814,0.001151,1653,0.001152877,0.077941676,2498354,2498354,47352991,2501646,2501646,210804,1,59164.53252814103,48301885,86.26,86.27,84.510090528,1.667525,69,1.667563455,36
oracle,random,50,4,27900256,71135526873185,83.159639,0.001148,1653,0.00114896,0.077664896,2498354,2498354,47352991,2501646,2501646,210804,2,60119.69067398123,48301885,84.89999999999999,84.91,83.167427243,1.650473,69,1.650501646,36
oracle,random,50,4,27900256,71135526873185,82.922301,0.001137,1653,0.00113883,0.080903326,2498354,2498354,47352991,2501646,2501646,210804,3,60291.88998651031,48301885,84.66999999999999,84.68,82.929893243,1.652227,69,1.652252856,36
oracle,random,50,4,27900256,71135526873185,85.535073,0.001198,1653,0.001199876,0.081166802,2498354,2498354,47352991,2501646,2501646,210840,4,58449.75976957662,48301885,87.3,87.32,85.543550901,1.67266,69,1.67272771,36
oracle,random,50,4,27900256,71135526873185,84.316717,0.001146,1653,0.001146989,0.086318573,2498354,2498354,47352991,2501646,2501646,210832,5,59298.38995932028,48301885,86.07,86.08,84.319321375,1.652799,69,1.652815738,36
astra_single_core,random,50,4,28479476,72599234922993,1.162371,1.3e-05,1161,1.476e-05,0.092213185,2498354,2498354,47922952,2501646,2501646,210808,1,4301413.021317848,48880633,1.29,1.29,1.162408719,0.023555,64,0.023557513,54
astra_single_core,random,50,4,28479476,72599234922993,1.154202,1.4e-05,1161,1.4749e-05,0.08977535,2498354,2498354,47922952,2501646,2501646,210840,2,4331840.672006414,48880633,1.28,1.28,1.154243745,0.023385,64,0.023386742,54
astra_single_core,random,50,4,28479476,72599234922993,1.167552,1.3e-05,1161,1.4665e-05,0.093688089,2498354,2498354,47922952,2501646,2501646,210812,3,4282284.673659217,48880633,1.3,1.3,1.167601031,0.023777,64,0.023779679,54
astra_single_core,random,50,4,28479476,72599234922993,1.161549,1.4e-05,1161,1.4658e-05,0.089808859,2498354,2498354,47922952,2501646,2501646,210764,4,4304537.809408466,48880633,1.29,1.29,1.161564893,0.023584,64,0.023587692,54
astra_single_core,random,50,4,28479476,72599234922993,1.159001,1.4e-05,1161,1.4488e-05,0.090015799,2498354,2498354,47922952,2501646,2501646,210764,5,4313880.625463616,48880633,1.29,1.29,1.159049226,0.023443,64,0.023445016,54
deepseek_single_core,random,50,4,47488977,121075801909435,2.143537,1.4e-05,1658,1.5017e-05,0.087069511,2498354,2498354,66560632,2501646,2501646,210796,1,2332553.704315289,67890631,2.29,2.29,2.143573368,0.04314,64,0.043148532,52
deepseek_single_core,random,50,4,47488977,121075801909435,2.147925,1.3e-05,1658,1.5133e-05,0.085768174,2498354,2498354,66560632,2501646,2501646,210840,2,2327742.0845867144,67890631,2.29,2.29,2.148004297,0.0433,64,0.043302002,52
deepseek_single_core,random,50,4,47488977,121075801909435,2.140554,1.4e-05,1658,1.5463e-05,0.086304487,2498354,2498354,66560632,2501646,2501646,210808,3,2335769.6597455465,67890631,2.2800000000000002,2.29,2.140622034,0.04284,64,0.042850716,52
deepseek_single_core,random,50,4,47488977,121075801909435,2.152112,1.4e-05,1658,1.4668e-05,0.090020278,2498354,2498354,66560632,2501646,2501646,210840,4,2323229.340675189,67890631,2.3000000000000003,2.3,2.152176676,0.043296,64,0.043298836,52
deepseek_single_core,random,50,4,47488977,121075801909435,2.144682,1.4e-05,1658,1.5495e-05,0.086676696,2498354,2498354,66560632,2501646,2501646,210784,5,2331254.0314463386,67890631,2.29,2.29,2.144768409,0.043125,64,0.043126883,52
astra_multicore,random,50,4,36559835,93202737096957,1.165908,1.3e-05,1366,1.5218e-05,0.084537097,2498354,2498354,55845014,2501646,2501646,210804,1,4288418.06836749,56961197,1.28,1.29,1.165931101,0.023683,64,0.023685131,54
astra_multicore,random,50,4,36559835,93202737096957,1.166935,1.3e-05,1366,1.4722e-05,0.083349159,2498354,2498354,55845014,2501646,2501646,210800,2,4284495.781234811,56961197,1.28,1.29,1.166998465,0.023666,64,0.023667987,54
astra_multicore,random,50,4,36559835,93202737096957,1.179935,1.3e-05,1366,1.445e-05,0.087396132,2498354,2498354,55845014,2501646,2501646,210832,3,4237460.700793657,56961197,1.3,1.31,1.179951946,0.023988,64,0.023991134,54
astra_multicore,random,50,4,36559835,93202737096957,1.168183,1.4e-05,1366,1.4812e-05,0.085843685,2498354,2498354,55845014,2501646,2501646,210804,4,4280068.076160538,56961197,1.28,1.29,1.168205718,0.02359,64,0.023593331,54
astra_multicore,random,50,4,36559835,93202737096957,1.169916,1.4e-05,1366,1.4534e-05,0.083565026,2498354,2498354,55845014,2501646,2501646,210832,5,4273711.230710179,56961197,1.29,1.29,1.169943342,0.023492,64,0.023494131,54
deepseek_multicore,random,50,4,28405881,72420117691152,2.233986,1.4e-05,1198,1.5083e-05,0.086540909,2498354,2498354,47847627,2501646,2501646,210804,1,2238094.0661652396,48807075,2.38,2.38,2.234043723,0.045011,64,0.045013573,51
deepseek_multicore,random,50,4,28405881,72420117691152,2.221606,1.4e-05,1198,1.5197e-05,0.084335908,2498354,2498354,47847627,2501646,2501646,210792,2,2250563.356518277,48807075,2.36,2.37,2.22166596,0.044587,64,0.044588958,51
deepseek_multicore,random,50,4,28405881,72420117691152,2.22428,1.3e-05,1198,1.508e-05,0.09373147,2498354,2498354,47847627,2501646,2501646,210840,3,2247826.8603340583,48807075,2.37,2.38,2.224370608,0.045632,64,0.04563419,51
deepseek_multicore,random,50,4,28405881,72420117691152,2.226777,1.4e-05,1198,1.5601e-05,0.08883004,2498354,2498354,47847627,2501646,2501646,210840,4,2245324.0328802573,48807075,2.37,2.38,2.226850079,0.045605,64,0.045615132,51
deepseek_multicore,random,50,4,28405881,72420117691152,2.230689,1.4e-05,1198,1.491e-05,0.083381484,2498354,2498354,47847627,2501646,2501646,210840,5,2241403.526004784,48807075,2.37,2.38,2.23074513,0.044843,64,0.044850824,51
fixedlat,random,50,4,0,0,1.21494,0.390057,20400023,0.390064042,0.08660239,2498354,2498354,40400023,2501646,2501646,559820,1,4115334.1422675555,40800019,1.36,1.37,1.214968172,0.013779,24973,0.01378133,0
fixedlat,random,50,4,0,0,1.219247,0.387559,20400023,0.387582989,0.0858551,2498354,2498354,40400023,2501646,2501646,559800,2,4100743.207708973,40800019,1.37,1.37,1.219291174,0.013966,24973,0.013968269,0
fixedlat,random,50,4,0,0,1.223524,0.393375,20400023,0.39339814,0.091608803,2498354,2498354,40400023,2501646,2501646,559780,3,4086265.6109750425,40800019,1.38,1.39,1.22361111,0.01379,24973,0.013792559,0
fixedlat,random,50,4,0,0,1.21084,0.382503,20400023,0.382503364,0.084989474,2498354,2498354,40400023,2501646,2501646,559792,4,4129132.8831681097,40800019,1.36,1.37,1.21090799,0.013904,24973,0.013905684,0
fixedlat,random,50,4,0,0,1.228911,0.393339,20400023,0.393365139,0.083857389,2498354,2498354,40400023,2501646,2501646,559776,5,4068530.659160171,40800019,1.38,1.39,1.228944899,0.014014,24973,0.014016808,0
md1,random,50,4,0,0,0.579005,6e-06,433,7.379e-06,0.087322456,2498354,2498354,20000433,2501646,2501646,210812,1,8634987.348120159,20400429,0.69,0.69,0.579039644,0.011909,61,0.011912072,0
md1,random,50,4,0,0,0.574975,6e-06,433,6.826e-06,0.082992523,2498354,2498354,20000433,2501646,2501646,210840,2,8695796.16117435,20400429,0.6799999999999999,0.68,0.574990479,0.01188,61,0.011882318,0
md1,random,50,4,0,0,0.576434,7e-06,433,6.785e-06,0.082539672,2498354,2498354,20000433,2501646,2501646,210840,3,8673647.582534287,20400429,0.6799999999999999,0.69,0.576458745,0.012274,61,0.012275615,0
md1,random,50,4,0,0,0.574103,6e-06,433,6.987e-06,0.081018683,2498354,2498354,20000433,2501646,2501646,210828,4,8709135.324002573,20400429,0.6699999999999999,0.68,0.574109807,0.011821,61,0.01182362,0
md1,random,50,4,0,0,0.575385,6e-06,433,7.056e-06,0.090863454,2498354,2498354,20000433,2501646,2501646,210788,5,8689267.859025728,20400429,0.69,0.69,0.575422473,0.011803,61,0.011813311,0
wmg1,random,50,4,0,0,0.959393,1.4e-05,834,1.4195e-05,0.089251462,2498354,2498354,20000834,2501646,2501646,210840,1,5211547.310846018,20400830,1.08,1.08,0.959407965,0.019615,112,0.019618275,0
wmg1,random,50,4,0,0,0.957935,1.4e-05,834,1.4941e-05,0.082658015,2498354,2498354,20000834,2501646,2501646,210804,2,5219448.518664767,20400830,1.07,1.08,0.957955612,0.019342,112,0.019349467,0
wmg1,random,50,4,0,0,0.960984,1.3e-05,834,1.3697e-05,0.086062408,2498354,2498354,20000834,2501646,2501646,210832,3,5202865.706797881,20400830,1.07,1.08,0.961008852,0.019504,112,0.019506602,0
wmg1,random,50,4,0,0,0.969547,1.3e-05,834,1.4207e-05,0.080979281,2498354,2498354,20000834,2501646,2501646,210760,4,5156814.447182839,20400830,1.09,1.09,0.96959083,0.019648,112,0.01965108,0
wmg1,random,50,4,0,0,0.957344,1.3e-05,834,1.4307e-05,0.089888324,2498354,2498354,20000834,2501646,2501646,210832,5,5222652.742780593,20400830,1.07,1.08,0.957367883,0.019565,112,0.019566798,0
mess,random,50,4,0,0,0.789642,0.002359,97030,0.002359599,0.088773177,2498354,2498354,20097030,2501646,2501646,210840,1,6331841.344672378,20497026,0.8999999999999999,0.91,0.78965971,0.012584,289,0.012586594,0
mess,random,50,4,0,0,0.791643,0.002355,97030,0.002354863,0.082718142,2498354,2498354,20097030,2501646,2501646,210836,2,6315793.156788852,20497026,0.8999999999999999,0.9,0.791666205,0.012369,289,0.012372018,0
mess,random,50,4,0,0,0.788356,0.002314,97030,0.002314262,0.082727252,2498354,2498354,20097030,2501646,2501646,210832,3,6342275.051969648,20497026,0.8899999999999999,0.9,0.788360637,0.012469,289,0.012471103,0
mess,random,50,4,0,0,0.798077,0.002383,97030,0.002383655,0.083109217,2498354,2498354,20097030,2501646,2501646,210804,4,6264627.25468461,20497026,0.8999999999999999,0.91,0.798132083,0.012795,289,0.012798719,0
mess,random,50,4,0,0,0.811027,0.00242,97030,0.002419684,0.084473763,2498354,2498354,20097030,2501646,2501646,210840,5,6164916.446887395,20497026,0.9199999999999999,0.92,0.811041,0.012783,289,0.012785684,0
oracle,streaming,100,1,35699516,90997594687500,61.79158,0.000421,554,0.000423335,0.080845992,5000000,5000000,40000554,0,0,210804,1,80906.45501445953,40800069,63.11,63.13,61.799766151,1.233732,70,1.233757238,0
oracle,streaming,100,1,35699516,90997594687500,61.479635,0.000426,554,0.000426952,0.084093006,5000000,5000000,40000554,0,0,210804,2,81315.42703386523,40800069,62.8,62.82,61.488947207,1.228033,70,1.228054341,0
oracle,streaming,100,1,35699516,90997594687500,61.521527,0.000418,554,0.000419709,0.084179258,5000000,5000000,40000554,0,0,210840,3,81258.31359281146,40800069,62.84,62.86,61.532165497,1.228137,70,1.228159988,0
oracle,streaming,100,1,35699516,90997594687500,61.561663,0.00042,554,0.000421791,0.098058528,5000000,5000000,40000554,0,0,210800,4,81216.4269971587,40800069,62.9,62.91,61.563900123,1.229586,70,1.229592925,0
oracle,streaming,100,1,35699516,90997594687500,61.485391,0.000426,554,0.000427435,0.081479477,5000000,5000000,40000554,0,0,210832,5,81305.46678101402,40800069,62.81,62.82,61.496479855,1.228862,70,1.228882311,0
astra_single_core,streaming,100,1,35699558,90997807500000,0.936469,7e-06,512,8.331e-06,0.081012901,5000000,5000000,40000512,0,0,210840,1,5339022.692728984,40800069,1.05,1.05,0.936500983,0.019051,64,0.019053408,0
astra_single_core,streaming,100,1,35699558,90997807500000,0.931942,7e-06,512,7.933e-06,0.089143591,5000000,5000000,40000512,0,0,210840,2,5365058.679320674,40800069,1.05,1.06,0.931956256,0.01884,64,0.018842121,0
astra_single_core,streaming,100,1,35699558,90997807500000,0.933266,7e-06,512,7.977e-06,0.096952401,5000000,5000000,40000512,0,0,210828,3,5357337.066351516,40800069,1.06,1.06,0.933299499,0.01902,64,0.019021878,0
astra_single_core,streaming,100,1,35699558,90997807500000,0.93863,8e-06,512,7.959e-06,0.091082152,5000000,5000000,40000512,0,0,210784,4,5326804.982967818,40800069,1.06,1.06,0.938648968,0.019129,64,0.019131718,0
astra_single_core,streaming,100,1,35699558,90997807500000,0.939043,8e-06,512,8.601e-06,0.078456535,5000000,5000000,40000512,0,0,210840,5,5324482.424900492,40800069,1.05,1.05,0.93905841,0.019284,64,0.019286803,0
deepseek_single_core,streaming,100,1,35699558,90997807500000,1.503551,8e-06,512,8.879e-06,0.084383078,5000000,5000000,40000512,0,0,210784,1,3325387.6277494133,40800069,1.6300000000000001,1.63,1.503584111,0.030368,64,0.030370427,0
deepseek_single_core,streaming,100,1,35699558,90997807500000,1.511396,7e-06,512,8.4e-06,0.082916086,5000000,5000000,40000512,0,0,210760,2,3308058.6558999224,40800069,1.6300000000000001,1.64,1.511460503,0.030312,64,0.030314259,0
deepseek_single_core,streaming,100,1,35699558,90997807500000,1.513537,7e-06,512,8.962e-06,0.104644141,5000000,5000000,40000512,0,0,210840,3,3303337.6314292504,40800069,1.6600000000000001,1.67,1.513620634,0.030242,64,0.030245249,0
deepseek_single_core,streaming,100,1,35699558,90997807500000,1.504593,8e-06,512,8.026e-06,0.088585503,5000000,5000000,40000512,0,0,210788,4,3323112.7721222113,40800069,1.6400000000000001,1.64,1.504613398,0.030511,64,0.030513459,0
deepseek_single_core,streaming,100,1,35699558,90997807500000,1.513202,7e-06,512,8.128e-06,0.084939056,5000000,5000000,40000512,0,0,210764,5,3304075.947870367,40800069,1.6400000000000001,1.64,1.513282406,0.030359,64,0.030361725,0
astra_multicore,streaming,100,1,35699540,90997664062480,0.958188,7e-06,514,8.38e-06,0.100358542,5000000,5000000,40000530,0,0,210812,1,5218077.451585482,40800053,1.08,1.09,0.958207318,0.019309,64,0.019311738,0
astra_multicore,streaming,100,1,35699540,90997664062480,0.952162,7e-06,514,7.784e-06,0.084109482,5000000,5000000,40000530,0,0,210828,2,5250834.153814676,40800053,1.07,1.07,0.952229656,0.01934,64,0.019341957,0
astra_multicore,streaming,100,1,35699540,90997664062480,0.957619,7e-06,514,7.609e-06,0.085074707,5000000,5000000,40000530,0,0,210832,3,5221175.014514319,40800053,1.07,1.08,0.957638843,0.019371,64,0.019373759,0
astra_multicore,streaming,100,1,35699540,90997664062480,0.960392,7e-06,514,7.944e-06,0.085189337,5000000,5000000,40000530,0,0,210840,4,5206045.80765138,40800053,1.08,1.08,0.960421822,0.019311,64,0.019313782,0
astra_multicore,streaming,100,1,35699540,90997664062480,0.952416,7e-06,514,8.12e-06,0.083827139,5000000,5000000,40000530,0,0,210840,5,5249586.624713468,40800053,1.07,1.07,0.952455947,0.019411,64,0.019413482,0
deepseek_multicore,streaming,100,1,35699558,90997807500000,1.567642,7e-06,512,8.17e-06,0.084016614,5000000,5000000,40000512,0,0,210840,1,3189402.713977205,40800069,1.7,1.7,1.567691649,0.031643,64,0.031645918,0
deepseek_multicore,streaming,100,1,35699558,90997807500000,1.575301,7e-06,512,8.267e-06,0.088924497,5000000,5000000,40000512,0,0,210840,2,3173952.973711042,40800069,1.7,1.71,1.575322647,0.031492,64,0.031493462,0
deepseek_multicore,streaming,100,1,35699558,90997807500000,1.580153,7e-06,512,7.766e-06,0.084684049,5000000,5000000,40000512,0,0,210840,3,3164167.340877951,40800069,1.7,1.71,1.580194554,0.031968,64,0.031976412,0
deepseek_multicore,streaming,100,1,35699558,90997807500000,1.579637,7e-06,512,8.273e-06,0.0880358,5000000,5000000,40000512,0,0,210804,4,3165179.2623109007,40800069,1.71,1.72,1.579689359,0.031831,64,0.031834924,0
deepseek_multicore,streaming,100,1,35699558,90997807500000,1.568143,7e-06,512,8.414e-06,0.084749463,5000000,5000000,40000512,0,0,210840,5,3188412.3911079452,40800069,1.6900000000000002,1.7,1.568178575,0.031527,64,0.031529457,0
fixedlat,streaming,100,1,0,0,2.652674,1.269976,35700036,1.270019268,0.085323946,5000000,5000000,40700036,0,0,1739456,1,1884799.0111590466,40800035,2.92,2.92,2.65280275,0.020238,87505,0.020240108,0
fixedlat,streaming,100,1,0,0,2.645426,1.263364,35700036,1.263374249,0.086950347,5000000,5000000,40700036,0,0,1739480,2,1890009.0671068185,40800035,2.91,2.92,2.645489954,0.020627,87505,0.020629528,0
fixedlat,streaming,100,1,0,0,2.657018,1.265847,35700036,1.265885792,0.087048243,5000000,5000000,40700036,0,0,1739476,3,1881747.6811525344,40800035,2.92,2.93,2.657104377,0.020649,87505,0.020650576,0
fixedlat,streaming,100,1,0,0,2.650584,1.266127,35700036,1.266145949,0.085767366,5000000,5000000,40700036,0,0,1739484,4,1886320.5744343835,40800035,2.92,2.92,2.650662919,0.020458,87505,0.020460411,0
fixedlat,streaming,100,1,0,0,2.64803,1.262761,35700036,1.262814521,0.084584862,5000000,5000000,40700036,0,0,1739480,5,1888132.8133768016,40800035,2.91,2.92,2.6481188,0.020005,87505,0.02000652,0
md1,streaming,100,1,0,0,0.808204,5.2e-05,441,5.3674e-05,0.093302038,5000000,5000000,5000441,0,0,210840,1,6186271.375341515,5100440,0.9299999999999999,0.93,0.808241297,0.016146,441,0.016149342,0
md1,streaming,100,1,0,0,0.806513,5.2e-05,441,5.2535e-05,0.089665323,5000000,5000000,5000441,0,0,210824,2,6199165.586856743,5100440,0.9299999999999999,0.93,0.806560162,0.016858,441,0.01686043,0
md1,streaming,100,1,0,0,0.808424,5.1e-05,441,5.1557e-05,0.081361109,5000000,5000000,5000441,0,0,210840,3,6184497.80372527,5100440,0.9199999999999999,0.92,0.808473082,0.016757,441,0.016759917,0
md1,streaming,100,1,0,0,0.815597,5.1e-05,441,5.1927e-05,0.082547238,5000000,5000000,5000441,0,0,210832,4,6130357.949553135,5100440,0.9299999999999999,0.93,0.815613059,0.016437,441,0.016439551,0
md1,streaming,100,1,0,0,0.810154,5.1e-05,441,5.2388e-05,0.083538485,5000000,5000000,5000441,0,0,210840,5,6171385.626766103,5100440,0.9199999999999999,0.93,0.810190823,0.016929,441,0.016932313,0
wmg1,streaming,100,1,0,0,1.476445,0.000467,3242,0.000468378,0.091225675,5000000,5000000,5003242,0,0,210840,1,3386412.2662289175,5103241,1.61,1.61,1.476488864,0.029727,3242,0.029730219,0
wmg1,streaming,100,1,0,0,1.48419,0.000472,3242,0.000472188,0.081680151,5000000,5000000,5003242,0,0,210808,2,3368816.2483947556,5103241,1.61,1.61,1.484200868,0.029877,3242,0.029879631,0
wmg1,streaming,100,1,0,0,1.481383,0.000482,3242,0.000481698,0.081696915,5000000,5000000,5003242,0,0,210840,3,3375152.473778685,5103241,1.61,1.61,1.481414555,0.029617,3242,0.029619698,0
wmg1,streaming,100,1,0,0,1.463317,0.000471,3242,0.000472355,0.0872866,5000000,5000000,5003242,0,0,210792,4,3416817.615803396,5103241,1.59,1.6,1.463349983,0.029433,3242,0.029435356,0
wmg1,streaming,100,1,0,0,1.489748,0.000482,3242,0.000481992,0.085584714,5000000,5000000,5003242,0,0,210808,5,3356155.121033257,5103241,1.62,1.62,1.48980003,0.029942,3242,0.029944605,0
mess,streaming,100,1,0,0,1.257635,0.011108,52521,0.011109253,0.100612008,5000000,5000000,5052521,0,0,210832,1,3975538.9224661137,5152520,1.3900000000000001,1.4,1.25769112,0.018095,1299,0.018098139,0
mess,streaming,100,1,0,0,1.260809,0.011163,52521,0.011162944,0.08246719,5000000,5000000,5052521,0,0,210840,2,3965458.876798382,5152520,1.3800000000000001,1.38,1.260888123,0.018339,1299,0.018341088,0
mess,streaming,100,1,0,0,1.245684,0.011141,52521,0.011141883,0.080713475,5000000,5000000,5052521,0,0,210840,3,4013764.9113503783,5152520,1.36,1.36,1.245713217,0.018241,1299,0.018248834,0
mess,streaming,100,1,0,0,1.249123,0.011133,52521,0.011133759,0.085158776,5000000,5000000,5052521,0,0,210840,4,4002708.4406717974,5152520,1.36,1.37,1.249154185,0.018057,1299,0.018060232,0
mess,streaming,100,1,0,0,1.243956,0.011163,52521,0.011163665,0.084656719,5000000,5000000,5052521,0,0,210840,5,4019346.965846222,5152520,1.36,1.36,1.243983175,0.018097,1299,0.018099904,0
oracle,random,75,64,0,0,18.993349,6e-06,68,7.72e-06,0.089157836,3749323,3749323,320000068,1250677,1250677,210780,1,263228.80389390927,326400004,19.47,19.48,18.994881738,0.379347,1,0.379363188,1
oracle,random,75,64,0,0,18.940288,5e-06,68,6.501e-06,0.084568296,3749323,3749323,320000068,1250677,1250677,210804,2,263971.3677847069,326400004,19.42,19.42,18.941448241,0.379002,1,0.379010319,1
oracle,random,75,64,0,0,18.951259,6e-06,68,7.307e-06,0.082578621,3749323,3749323,320000068,1250677,1250677,210836,3,263817.32601282134,326400004,19.43,19.43,18.952508069,0.380436,1,0.380447893,1
oracle,random,75,64,0,0,18.940174,5e-06,68,6.649e-06,0.083962441,3749323,3749323,320000068,1250677,1250677,210840,4,263936.33858596085,326400004,19.41,19.42,18.943962119,0.378211,1,0.378232195,1
oracle,random,75,64,0,0,18.924849,6e-06,68,7.165e-06,0.083206099,3749323,3749323,320000068,1250677,1250677,210812,5,264185.45284331864,326400004,19.4,19.41,18.926098868,0.379182,1,0.379194686,1
astra_single_core,random,75,64,0,0,0.938158,2e-06,110,3.383e-06,0.095355579,3749323,3749323,320000110,1250677,1250677,210788,1,5329415.164358626,326400046,1.06,1.07,0.938189247,0.019099,1,0.019102128,1
astra_single_core,random,75,64,0,0,0.935247,1e-06,110,1.935e-06,0.092595004,3749323,3749323,320000110,1250677,1250677,210812,2,5346063.825306663,326400046,1.06,1.06,0.935267547,0.019109,1,0.019112087,1
astra_single_core,random,75,64,0,0,0.940802,1e-06,110,2.028e-06,0.091659657,3749323,3749323,320000110,1250677,1250677,210840,3,5314435.47289083,326400046,1.06,1.07,0.940833702,0.019204,1,0.019207152,1
astra_single_core,random,75,64,0,0,0.941783,1e-06,110,2.07e-06,0.082517301,3749323,3749323,320000110,1250677,1250677,210812,4,5308992.348091992,326400046,1.05,1.06,0.941798306,0.019235,1,0.01924436,1
astra_single_core,random,75,64,0,0,0.940592,1e-06,110,1.948e-06,0.094158793,3749323,3749323,320000110,1250677,1250677,210840,5,5315673.07974805,326400046,1.06,1.07,0.940614655,0.018988,1,0.018990921,1
deepseek_single_core,random,75,64,0,0,1.246219,2e-06,46,2.286e-06,0.091673104,3749323,3749323,320000046,1250677,1250677,210804,1,4012023.385744096,326399982,1.37,1.38,1.246253952,0.025049,1,0.025051805,0
deepseek_single_core,random,75,64,0,0,1.227215,1e-06,46,1.688e-06,0.086117022,3749323,3749323,320000046,1250677,1250677,210832,2,4074216.7072705007,326399982,1.35,1.35,1.227229762,0.024881,1,0.024884374,0
deepseek_single_core,random,75,64,0,0,1.255552,1e-06,46,1.671e-06,0.084123497,3749323,3749323,320000046,1250677,1250677,210808,3,3982262.417005629,326399982,1.3800000000000001,1.38,1.255567684,0.025512,1,0.02551414,0
deepseek_single_core,random,75,64,0,0,1.228002,1e-06,46,1.992e-06,0.084955036,3749323,3749323,320000046,1250677,1250677,210840,4,4071516.904500092,326399982,1.35,1.35,1.228043532,0.024697,1,0.024699494,0
deepseek_single_core,random,75,64,0,0,1.231462,2e-06,46,2.586e-06,0.093720048,3749323,3749323,320000046,1250677,1250677,210796,5,4060092.0056150164,326399982,1.36,1.37,1.231499186,0.025049,1,0.025050974,0
astra_multicore,random,75,64,0,0,0.972039,1e-06,110,3.379e-06,0.085196041,3749323,3749323,320000110,1250677,1250677,210804,1,5143732.378608047,326400046,1.08,1.09,0.972056793,0.019355,1,0.019357882,1
astra_multicore,random,75,64,0,0,0.960098,1e-06,110,1.971e-06,0.080486282,3749323,3749323,320000110,1250677,1250677,210836,2,5207602.554806486,326400046,1.07,1.07,0.960134716,0.019506,1,0.019509115,1
astra_multicore,random,75,64,0,0,0.964358,0.0,110,1.949e-06,0.083494251,3749323,3749323,320000110,1250677,1250677,210840,3,5184539.623209062,326400046,1.07,1.08,0.964405784,0.019672,1,0.019674435,1
astra_multicore,random,75,64,0,0,0.961459,1e-06,110,2.194e-06,0.08558153,3749323,3749323,320000110,1250677,1250677,210780,4,5200360.692857368,326400046,1.07,1.08,0.96147177,0.01963,1,0.019633083,1
astra_multicore,random,75,64,0,0,0.962492,1e-06,110,2.252e-06,0.087110893,3749323,3749323,320000110,1250677,1250677,210840,5,5194572.596685951,326400046,1.08,1.09,0.962543098,0.019603,1,0.019611305,1
deepseek_multicore,random,75,64,0,0,1.300508,1e-06,46,3.771e-06,0.085006237,3749323,3749323,320000046,1250677,1250677,210788,1,3844569.794677598,326399982,1.4300000000000002,1.43,1.30053563,0.026149,1,0.026152603,0
deepseek_multicore,random,75,64,0,0,1.296515,1e-06,46,2.277e-06,0.082577898,3749323,3749323,320000046,1250677,1250677,210840,2,3856370.1240879484,326399982,1.4200000000000002,1.42,1.296556046,0.026152,1,0.026154075,0
deepseek_multicore,random,75,64,0,0,1.29919,1e-06,46,1.829e-06,0.0835713,3749323,3749323,320000046,1250677,1250677,210836,3,3848310.1757150814,326399982,1.4200000000000002,1.43,1.299271569,0.026321,1,0.026323433,0
deepseek_multicore,random,75,64,0,0,1.298243,1e-06,46,2.431e-06,0.085734244,3749323,3749323,320000046,1250677,1250677,210812,4,3851258.2950105336,326399982,1.4200000000000002,1.43,1.298276983,0.026261,1,0.026263146,0
deepseek_multicore,random,75,64,0,0,1.301873,1e-06,46,1.961e-06,0.084944069,3749323,3749323,320000046,1250677,1250677,210780,5,3840498.8740444607,326399982,1.4300000000000002,1.43,1.301914195,0.026471,1,0.026473002,0
fixedlat,random,75,64,0,0,0.488658,1e-06,0,2.053e-06,0.091108526,3749323,3749323,320000000,1250677,1250677,210840,1,10231815.42775763,326399936,0.6000000000000001,0.6,0.488671833,0.009809,1,0.009810647,0
fixedlat,random,75,64,0,0,0.488499,1e-06,0,1.391e-06,0.082407297,3749323,3749323,320000000,1250677,1250677,210836,2,10235080.202303402,326399936,0.59,0.59,0.488515957,0.009797,1,0.009799715,0
fixedlat,random,75,64,0,0,0.487376,0.0,0,1.487e-06,0.087706019,3749323,3749323,320000000,1250677,1250677,210764,3,10258890.382617526,326399936,0.5900000000000001,0.6,0.487382145,0.010001,1,0.010004244,0
fixedlat,random,75,64,0,0,0.489345,1e-06,0,1.303e-06,0.085416917,3749323,3749323,320000000,1250677,1250677,210808,4,10216703.765493268,326399936,0.6,0.6,0.489394634,0.009944,1,0.009946206,0
fixedlat,random,75,64,0,0,0.491601,1e-06,0,1.831e-06,0.08183171,3749323,3749323,320000000,1250677,1250677,210832,5,10170524.44388625,326399936,0.5900000000000001,0.6,0.491616733,0.009911,1,0.0099138,0
md1,random,75,64,0,0,0.48808,1e-06,0,1.769e-06,0.084771148,3749323,3749323,320000000,1250677,1250677,210832,1,10243690.45059759,326399936,0.6000000000000001,0.6,0.488105339,0.010138,1,0.010140541,0
md1,random,75,64,0,0,0.48771,1e-06,0,1.643e-06,0.081651725,3749323,3749323,320000000,1250677,1250677,210836,2,10251973.05526412,326399936,0.5900000000000001,0.59,0.487710997,0.009727,1,0.009729251,0
md1,random,75,64,0,0,0.488203,1e-06,0,1.289e-06,0.081829303,3749323,3749323,320000000,1250677,1250677,210832,3,10241399.285169994,326399936,0.5900000000000001,0.59,0.488214536,0.010129,1,0.010132044,0
md1,random,75,64,0,0,0.487909,1e-06,0,1.461e-06,0.085243736,3749323,3749323,320000000,1250677,1250677,210832,4,10247721.596900899,326399936,0.5900000000000001,0.6,0.487913333,0.010026,1,0.010028472,0
md1,random,75,64,0,0,0.485825,1e-06,0,1.689e-06,0.082078847,3749323,3749323,320000000,1250677,1250677,210832,5,10291303.85626867,326399936,0.5800000000000001,0.59,0.485847087,0.009927,1,0.009929543,0
wmg1,random,75,64,0,0,0.787941,1e-06,0,1.994e-06,0.083502504,3749323,3749323,320000000,1250677,1250677,210832,1,6345651.277650498,326399936,0.8999999999999999,0.9,0.787941187,0.016175,1,0.016175875,0
wmg1,random,75,64,0,0,0.797471,1e-06,0,1.341e-06,0.080563636,3749323,3749323,320000000,1250677,1250677,210840,2,6269542.587439172,326399936,0.9099999999999999,0.91,0.797506346,0.016439,1,0.016441903,0
wmg1,random,75,64,0,0,0.789743,2e-06,0,2.596e-06,0.085616406,3749323,3749323,320000000,1250677,1250677,210840,3,6331009.083571025,326399936,0.8999999999999999,0.91,0.789763517,0.016094,1,0.016095669,0
wmg1,random,75,64,0,0,0.789383,0.0,0,1.491e-06,0.086586555,3749323,3749323,320000000,1250677,1250677,210840,4,6334019.229074003,326399936,0.8999999999999999,0.91,0.789388194,0.015982,1,0.015990932,0
wmg1,random,75,64,0,0,0.788335,0.0,0,1.243e-06,0.084661331,3749323,3749323,320000000,1250677,1250677,210840,5,6342424.7306910055,326399936,0.8999999999999999,0.9,0.788342032,0.016211,1,0.016212781,0
mess,random,75,64,0,0,0.550478,1e-06,49,1.95e-06,0.083306487,3749323,3749323,320000049,1250677,1250677,210800,1,9082388.027488567,326399985,0.6599999999999999,0.66,0.550516008,0.011474,1,0.011476474,0
mess,random,75,64,0,0,0.552793,1e-06,49,1.436e-06,0.084223489,3749323,3749323,320000049,1250677,1250677,210808,2,9044521.663314378,326399985,0.6599999999999999,0.66,0.552820833,0.011144,1,0.011146181,0
mess,random,75,64,0,0,0.553248,1e-06,49,1.662e-06,0.081437044,3749323,3749323,320000049,1250677,1250677,210840,3,9037246.251296032,326399985,0.6499999999999999,0.66,0.55326588,0.011077,1,0.011080061,0
mess,random,75,64,0,0,0.55384,1e-06,49,1.984e-06,0.083616631,3749323,3749323,320000049,1250677,1250677,210832,4,9027671.336517347,326399985,0.6599999999999999,0.66,0.553852684,0.011514,1,0.011517438,0
mess,random,75,64,0,0,0.554197,0.0,49,1.872e-06,0.080989661,3749323,3749323,320000049,1250677,1250677,210832,5,9021859.094879678,326399985,0.6599999999999999,0.66,0.554209498,0.011535,1,0.011538183,0
oracle,streaming,50,64,0,0,8.58224,2e-06,1,3.244e-06,0.10935793,2498354,2498354,320000001,2501646,2501646,210760,1,582583.5271278793,326399937,8.879999999999999,8.88,8.582460312,0.171932,0,0.17194058,1
oracle,streaming,50,64,0,0,8.810372,1e-06,1,2.923e-06,0.083912187,2498354,2498354,320000001,2501646,2501646,210832,2,567500.3694776418,326399937,9.08,9.09,8.810566951,0.176302,0,0.176314857,1
oracle,streaming,50,64,0,0,8.58822,1e-06,1,2.964e-06,0.079704448,2498354,2498354,320000001,2501646,2501646,210784,3,582177.2992612866,326399937,8.85,8.86,8.588448925,0.172226,0,0.172229098,1
oracle,streaming,50,64,0,0,8.686467,2e-06,1,3.261e-06,0.083671945,2498354,2498354,320000001,2501646,2501646,210840,4,575594.1926483025,326399937,8.950000000000001,8.96,8.68667555,0.173917,0,0.173929407,1
oracle,streaming,50,64,0,0,8.795023,1e-06,1,2.424e-06,0.082087401,2498354,2498354,320000001,2501646,2501646,210832,5,568489.4875349195,326399937,9.07,9.07,8.795237396,0.176565,0,0.176567574,1
astra_single_core,streaming,50,64,0,0,0.872253,2e-06,43,3.391e-06,0.094933677,2498354,2498354,320000043,2501646,2501646,210840,1,5731943.197859845,326399979,0.99,1.0,0.872304527,0.017822,0,0.01782513,1
astra_single_core,streaming,50,64,0,0,0.870339,1e-06,43,2.012e-06,0.087812464,2498354,2498354,320000043,2501646,2501646,210832,2,5744717.769064775,326399979,0.99,0.99,0.870364777,0.017795,0,0.017804421,1
astra_single_core,streaming,50,64,0,0,0.872387,0.0,43,1.816e-06,0.079965869,2498354,2498354,320000043,2501646,2501646,210840,3,5730951.452101602,326399979,0.98,0.99,0.87245548,0.017712,0,0.017715168,1
astra_single_core,streaming,50,64,0,0,0.879919,1e-06,43,1.356e-06,0.091615479,2498354,2498354,320000043,2501646,2501646,210768,4,5682173.337022792,326399979,1.0,1.01,0.879944997,0.017914,0,0.017917588,1
astra_single_core,streaming,50,64,0,0,0.869631,1e-06,43,2.619e-06,0.091323686,2498354,2498354,320000043,2501646,2501646,210812,5,5749466.866311153,326399979,0.99,1.0,0.86964585,0.017584,0,0.017586823,1
deepseek_single_core,streaming,50,64,0,0,1.150557,1e-06,8,3.835e-06,0.089649634,2498354,2498354,320000008,2501646,2501646,210840,1,4345556.599239472,326399944,1.28,1.28,1.150600593,0.02345,0,0.023452109,1
deepseek_single_core,streaming,50,64,0,0,1.154335,1e-06,8,1.827e-06,0.081924286,2498354,2498354,320000008,2501646,2501646,210832,2,4331424.57530081,326399944,1.27,1.28,1.154354627,0.023521,0,0.02352331,1
deepseek_single_core,streaming,50,64,0,0,1.150612,1e-06,8,1.918e-06,0.079782256,2498354,2498354,320000008,2501646,2501646,210792,3,4345441.055735959,326399944,1.27,1.27,1.150631187,0.023356,0,0.02336707,1
deepseek_single_core,streaming,50,64,0,0,1.153483,1e-06,8,2.243e-06,0.090415772,2498354,2498354,320000008,2501646,2501646,210836,4,4334491.848223475,326399944,1.28,1.28,1.153537756,0.023311,0,0.023313825,1
deepseek_single_core,streaming,50,64,0,0,1.154513,1e-06,8,1.709e-06,0.091798466,2498354,2498354,320000008,2501646,2501646,210784,5,4330583.91979999,326399944,1.28,1.29,1.154578711,0.023403,0,0.023406245,1
astra_multicore,streaming,50,64,0,0,0.870796,1e-06,43,3.737e-06,0.090617767,2498354,2498354,320000043,2501646,2501646,210784,1,5741610.062822045,326399979,0.99,1.0,0.870835871,0.017539,0,0.017543072,1
astra_multicore,streaming,50,64,0,0,0.872105,1e-06,43,2.038e-06,0.086422566,2498354,2498354,320000043,2501646,2501646,210840,2,5733055.232608414,326399979,0.98,0.99,0.872135327,0.017661,0,0.017664217,1
astra_multicore,streaming,50,64,0,0,0.869313,0.0,43,1.906e-06,0.081941056,2498354,2498354,320000043,2501646,2501646,210840,3,5751304.184140969,326399979,0.98,0.98,0.869368032,0.017612,0,0.017614329,1
astra_multicore,streaming,50,64,0,0,0.871424,1e-06,43,1.945e-06,0.089706601,2498354,2498354,320000043,2501646,2501646,210832,4,5737536.994433657,326399979,0.99,0.99,0.871454076,0.017853,0,0.017855834,1
astra_multicore,streaming,50,64,0,0,0.870968,1e-06,43,1.779e-06,0.086650454,2498354,2498354,320000043,2501646,2501646,210800,5,5740572.7218312705,326399979,0.99,0.99,0.870993234,0.017762,0,0.017764352,1
deepseek_multicore,streaming,50,64,0,0,1.228677,1e-06,8,3.105e-06,0.099912945,2498354,2498354,320000008,2501646,2501646,210840,1,4069302.4606489255,326399944,1.36,1.37,1.228711812,0.024992,0,0.024995623,1
deepseek_multicore,streaming,50,64,0,0,1.228064,1e-06,8,1.953e-06,0.082307643,2498354,2498354,320000008,2501646,2501646,210776,2,4071194.4163327566,326399944,1.35,1.35,1.228140808,0.025001,0,0.025003858,1
deepseek_multicore,streaming,50,64,0,0,1.228129,0.0,8,1.823e-06,0.081098335,2498354,2498354,320000008,2501646,2501646,210840,3,4071165.759009625,326399944,1.34,1.35,1.228149453,0.024681,0,0.024682848,1
deepseek_multicore,streaming,50,64,0,0,1.231176,1e-06,8,2.42e-06,0.083212157,2498354,2498354,320000008,2501646,2501646,210840,4,4061140.6379996226,326399944,1.35,1.36,1.231181199,0.025025,0,0.025027931,1
deepseek_multicore,streaming,50,64,0,0,1.228203,1e-06,8,2.122e-06,0.082540513,2498354,2498354,320000008,2501646,2501646,210792,5,4070882.668214516,326399944,1.35,1.35,1.228234859,0.025051,0,0.025053534,1
fixedlat,streaming,50,64,0,0,0.412487,1e-06,0,2.614e-06,0.094340885,2498354,2498354,320000000,2501646,2501646,210808,1,12120754.735349793,326399936,0.53,0.53,0.412515566,0.008624,0,0.00862714,0
fixedlat,streaming,50,64,0,0,0.412247,1e-06,0,1.484e-06,0.081912168,2498354,2498354,320000000,2501646,2501646,210840,2,12128392.452968078,326399936,0.51,0.52,0.412255789,0.008387,0,0.008395379,0
fixedlat,streaming,50,64,0,0,0.410371,1e-06,0,1.54e-06,0.082009745,2498354,2498354,320000000,2501646,2501646,210792,3,12183696.645116054,326399936,0.51,0.52,0.410384479,0.008511,0,0.008513416,0
fixedlat,streaming,50,64,0,0,0.411772,1e-06,0,1.65e-06,0.085447472,2498354,2498354,320000000,2501646,2501646,210840,4,12142344.775803879,326399936,0.51,0.52,0.411782081,0.008288,0,0.008290615,0
fixedlat,streaming,50,64,0,0,0.410804,1e-06,0,1.453e-06,0.085902906,2498354,2498354,320000000,2501646,2501646,210804,5,12170639.018817492,326399936,0.52,0.52,0.410824772,0.008545,0,0.008547168,0
md1,streaming,50,64,0,0,0.411638,1e-06,0,1.732e-06,0.08696689,2498354,2498354,320000000,2501646,2501646,210840,1,12146086.74741471,326399936,0.52,0.52,0.411655219,0.008443,0,0.008446169,0
md1,streaming,50,64,0,0,0.412028,1e-06,0,1.373e-06,0.080034743,2498354,2498354,320000000,2501646,2501646,210796,2,12134997.53725079,326399936,0.51,0.52,0.412031398,0.008495,0,0.00851301,0
md1,streaming,50,64,0,0,0.411806,1e-06,0,1.575e-06,0.085573953,2498354,2498354,320000000,2501646,2501646,210832,3,12141189.779389093,326399936,0.52,0.52,0.411821254,0.008304,0,0.008305845,0
md1,streaming,50,64,0,0,0.412495,1e-06,0,1.426e-06,0.080695702,2498354,2498354,320000000,2501646,2501646,210840,4,12120303.642016225,326399936,0.52,0.52,0.412530919,0.008524,0,0.008525684,0
md1,streaming,50,64,0,0,0.41134,0.0,0,1.511e-06,0.088530639,2498354,2498354,320000000,2501646,2501646,210840,5,12154845.566014074,326399936,0.52,0.52,0.411358579,0.008473,0,0.008475407,0
wmg1,streaming,50,64,0,0,0.691572,1e-06,0,1.8e-06,0.083633955,2498354,2498354,320000000,2501646,2501646,210840,1,7229743.132012609,326399936,0.8,0.8,0.691587503,0.014227,0,0.014230275,0
wmg1,streaming,50,64,0,0,0.69055,1e-06,0,1.737e-06,0.079808006,2498354,2498354,320000000,2501646,2501646,210780,2,7240319.811876797,326399936,0.8,0.8,0.69057723,0.013999,0,0.014001881,0
wmg1,streaming,50,64,0,0,0.694192,1e-06,0,1.566e-06,0.080420793,2498354,2498354,320000000,2501646,2501646,210780,3,7202556.696736481,326399936,0.8,0.8,0.694197937,0.014195,0,0.01419704,0
wmg1,streaming,50,64,0,0,0.695462,1e-06,0,2.437e-06,0.080257182,2498354,2498354,320000000,2501646,2501646,210840,4,7189356.534947441,326399936,0.8,0.81,0.695472533,0.014202,0,0.014204024,0
wmg1,streaming,50,64,0,0,0.692498,0.0,0,1.736e-06,0.082540133,2498354,2498354,320000000,2501646,2501646,210804,5,7220134.427293059,326399936,0.8,0.8,0.692507882,0.014204,0,0.014207592,0
mess,streaming,50,64,0,0,0.458018,1e-06,0,2.661e-06,0.083213006,2498354,2498354,320000000,2501646,2501646,210840,1,10916306.68307801,326399936,0.56,0.57,0.458030371,0.009376,0,0.009378446,0
mess,streaming,50,64,0,0,0.458055,1e-06,0,1.645e-06,0.08111077,2498354,2498354,320000000,2501646,2501646,210840,2,10915431.671441106,326399936,0.56,0.56,0.458067088,0.009577,0,0.00957965,0
mess,streaming,50,64,0,0,0.458701,1e-06,0,1.451e-06,0.081675629,2498354,2498354,320000000,2501646,2501646,210808,3,10899923.043273337,326399936,0.56,0.56,0.458718835,0.009184,0,0.009186922,0
mess,streaming,50,64,0,0,0.457713,1e-06,0,1.514e-06,0.083886394,2498354,2498354,320000000,2501646,2501646,210840,4,10923618.081805587,326399936,0.56,0.57,0.457723802,0.009558,0,0.009560194,0
mess,streaming,50,64,0,0,0.459537,1e-06,0,1.606e-06,0.082802515,2498354,2498354,320000000,2501646,2501646,210840,5,10880114.031950982,326399936,0.5700000000000001,0.57,0.459554007,0.009556,0,0.00955807,0
